-- Adminer 4.8.1 PostgreSQL 9.6.1 dump

DROP TABLE IF EXISTS "administrator";
DROP SEQUENCE IF EXISTS users_id_seq;
CREATE SEQUENCE users_id_seq INCREMENT 1 MINVALUE 1 MAXVALUE 9223372036854775807 CACHE 1;

DROP SEQUENCE IF EXISTS administrator_idadmin_seq;
CREATE SEQUENCE administrator_idadmin_seq INCREMENT 1 MINVALUE 1 MAXVALUE 9223372036854775807 CACHE 1;

CREATE TABLE "public"."administrator" (
    "id" integer DEFAULT nextval('users_id_seq') NOT NULL,
    "name" character varying(100) NOT NULL,
    "registerdate" timestamp DEFAULT now(),
    "loginstatus" boolean DEFAULT false,
    "idadmin" integer DEFAULT nextval('administrator_idadmin_seq') NOT NULL,
    "adminname" character varying(100) NOT NULL,
    "role" character varying(50),
    "password" text NOT NULL,
    CONSTRAINT "administrator_adminname_key" UNIQUE ("adminname"),
    CONSTRAINT "administrator_pkey" PRIMARY KEY ("idadmin")
) WITH (oids = false);

INSERT INTO "administrator" ("id", "name", "registerdate", "loginstatus", "idadmin", "adminname", "role", "password") VALUES
(1,	'Arvin Noer Hakim',	'2025-03-18 17:25:28.46148',	'f',	1,	'hakimarvinnoer',	'SistemAdmin',	'$2y$10$lQJrDb9WcSdWaGOkjIMQxOxLxt.QGKO2z2gJ5kowbxLlE2QGvyBfW');

DROP TABLE IF EXISTS "infaq";
DROP SEQUENCE IF EXISTS infaq_id_seq;
CREATE SEQUENCE infaq_id_seq INCREMENT 1 MINVALUE 1 MAXVALUE 9223372036854775807 CACHE 1;

CREATE TABLE "public"."infaq" (
    "id" integer DEFAULT nextval('infaq_id_seq') NOT NULL,
    "name" character varying(50) NOT NULL,
    "kelas" character varying(3) NOT NULL,
    "harga" integer NOT NULL,
    CONSTRAINT "infaq_name_key" UNIQUE ("name"),
    CONSTRAINT "infaq_pkey" PRIMARY KEY ("id")
) WITH (oids = false);

INSERT INTO "infaq" ("id", "name", "kelas", "harga") VALUES
(1,	'SOT Juli',	'789',	45000),
(2,	'SOT Agustus',	'789',	45000),
(3,	'SOT September',	'789',	45000),
(4,	'SOT Oktober',	'789',	45000),
(5,	'SOT November',	'789',	45000),
(6,	'SOT Desember',	'789',	45000),
(7,	'SOT Januari',	'789',	45000),
(8,	'SOT Februari',	'789',	45000),
(9,	'SOT Maret',	'789',	45000),
(10,	'SOT April',	'789',	45000),
(11,	'SOT Mei',	'789',	45000),
(12,	'SOT Juni',	'789',	45000),
(13,	'ASTS 1',	'789',	50000),
(14,	'ASAS 1',	'789',	50000),
(15,	'ASTS 2',	'780',	50000),
(16,	'ASAT Genap',	'789',	50000),
(17,	'Sarpras 1',	'789',	100000),
(18,	'Sarpras 2',	'789',	100000),
(19,	'Kegiatan 1',	'789',	50000),
(20,	'Kegiatan 2',	'789',	50000),
(21,	'Atribut',	'700',	80000),
(22,	'Raport',	'700',	40000),
(23,	'ANBK',	'800',	200000),
(24,	'ASAJ',	'900',	553000);

DROP TABLE IF EXISTS "pembayaran";
DROP SEQUENCE IF EXISTS pembayaran_id_seq;
CREATE SEQUENCE pembayaran_id_seq INCREMENT 1 MINVALUE 1 MAXVALUE 9223372036854775807 CACHE 1;

CREATE TABLE "public"."pembayaran" (
    "id" integer DEFAULT nextval('pembayaran_id_seq') NOT NULL,
    "date" timestamp DEFAULT now(),
    "idsiswa" integer NOT NULL,
    "idinfaq" integer NOT NULL,
    "nominal" integer,
    "payment_method" character varying(10) DEFAULT 'manual' NOT NULL,
    "order_id" character varying(50),
    "payment_type" character varying(50),
    "status" character varying(15) DEFAULT 'pending',
    "transaction_time" timestamp,
    "fraud_status" character varying(20),
    "snap_token" text,
    CONSTRAINT "pembayaran_pkey" PRIMARY KEY ("id"),
    CONSTRAINT "pembayaran_nominal_check" CHECK (nominal >= 0),
    CONSTRAINT "pembayaran_payment_method_check" CHECK ((payment_method)::text = ANY ((ARRAY['manual'::character varying, 'midtrans'::character varying])::text[])),
    CONSTRAINT "pembayaran_status_check" CHECK ((status)::text = ANY ((ARRAY['pending'::character varying, 'settlement'::character varying, 'expire'::character varying, 'cancel'::character varying, 'deny'::character varying, 'refund'::character varying])::text[]))
) WITH (oids = false);

INSERT INTO "pembayaran" ("id", "date", "idsiswa", "idinfaq", "nominal", "payment_method", "order_id", "payment_type", "status", "transaction_time", "fraud_status", "snap_token") VALUES
(1,	'2025-03-18 17:25:28.552416',	901,	1,	45000,	'manual',	NULL,	NULL,	'pending',	NULL,	NULL,	NULL),
(2,	'2025-03-18 17:25:28.552416',	901,	2,	45000,	'manual',	NULL,	NULL,	'pending',	NULL,	NULL,	NULL),
(3,	'2025-03-18 17:25:28.552416',	901,	3,	45000,	'manual',	NULL,	NULL,	'pending',	NULL,	NULL,	NULL),
(4,	'2025-03-18 17:25:28.552416',	901,	13,	50000,	'manual',	NULL,	NULL,	'pending',	NULL,	NULL,	NULL),
(5,	'2025-03-18 17:25:28.552416',	902,	1,	45000,	'manual',	NULL,	NULL,	'pending',	NULL,	NULL,	NULL),
(6,	'2025-03-18 17:25:28.552416',	902,	2,	45000,	'manual',	NULL,	NULL,	'pending',	NULL,	NULL,	NULL),
(7,	'2025-03-18 17:25:28.552416',	902,	3,	45000,	'manual',	NULL,	NULL,	'pending',	NULL,	NULL,	NULL),
(8,	'2025-03-18 17:25:28.552416',	902,	4,	45000,	'manual',	NULL,	NULL,	'pending',	NULL,	NULL,	NULL),
(9,	'2025-03-18 17:25:28.552416',	902,	5,	45000,	'manual',	NULL,	NULL,	'pending',	NULL,	NULL,	NULL),
(10,	'2025-03-18 17:25:28.552416',	902,	6,	45000,	'manual',	NULL,	NULL,	'pending',	NULL,	NULL,	NULL),
(11,	'2025-03-18 17:25:28.552416',	902,	7,	45000,	'manual',	NULL,	NULL,	'pending',	NULL,	NULL,	NULL),
(12,	'2025-03-18 17:25:28.552416',	902,	8,	45000,	'manual',	NULL,	NULL,	'pending',	NULL,	NULL,	NULL),
(13,	'2025-03-18 17:25:28.552416',	902,	9,	45000,	'manual',	NULL,	NULL,	'pending',	NULL,	NULL,	NULL),
(14,	'2025-03-18 17:25:28.552416',	902,	10,	45000,	'manual',	NULL,	NULL,	'pending',	NULL,	NULL,	NULL),
(15,	'2025-03-18 17:25:28.552416',	902,	11,	45000,	'manual',	NULL,	NULL,	'pending',	NULL,	NULL,	NULL),
(16,	'2025-03-18 17:25:28.552416',	902,	12,	45000,	'manual',	NULL,	NULL,	'pending',	NULL,	NULL,	NULL),
(17,	'2025-03-18 17:25:28.552416',	903,	1,	45000,	'manual',	NULL,	NULL,	'pending',	NULL,	NULL,	NULL),
(18,	'2025-03-18 17:25:28.552416',	903,	2,	45000,	'manual',	NULL,	NULL,	'pending',	NULL,	NULL,	NULL),
(19,	'2025-03-18 17:25:28.552416',	903,	3,	45000,	'manual',	NULL,	NULL,	'pending',	NULL,	NULL,	NULL),
(20,	'2025-03-18 17:25:28.552416',	903,	4,	45000,	'manual',	NULL,	NULL,	'pending',	NULL,	NULL,	NULL),
(21,	'2025-03-18 17:25:28.552416',	903,	5,	45000,	'manual',	NULL,	NULL,	'pending',	NULL,	NULL,	NULL),
(22,	'2025-03-18 17:25:28.552416',	903,	6,	45000,	'manual',	NULL,	NULL,	'pending',	NULL,	NULL,	NULL),
(23,	'2025-03-18 17:25:28.552416',	903,	13,	50000,	'manual',	NULL,	NULL,	'pending',	NULL,	NULL,	NULL),
(24,	'2025-03-18 17:25:28.552416',	906,	13,	50000,	'manual',	NULL,	NULL,	'pending',	NULL,	NULL,	NULL),
(25,	'2025-03-18 17:25:28.552416',	906,	14,	50000,	'manual',	NULL,	NULL,	'pending',	NULL,	NULL,	NULL),
(26,	'2025-03-18 17:25:28.552416',	906,	16,	50000,	'manual',	NULL,	NULL,	'pending',	NULL,	NULL,	NULL),
(27,	'2025-03-18 17:25:28.552416',	906,	17,	100000,	'manual',	NULL,	NULL,	'pending',	NULL,	NULL,	NULL),
(28,	'2025-03-18 17:25:28.552416',	906,	19,	5000,	'manual',	NULL,	NULL,	'pending',	NULL,	NULL,	NULL),
(29,	'2025-03-18 17:25:28.552416',	909,	1,	45000,	'manual',	NULL,	NULL,	'pending',	NULL,	NULL,	NULL),
(30,	'2025-03-18 17:25:28.552416',	909,	2,	45000,	'manual',	NULL,	NULL,	'pending',	NULL,	NULL,	NULL),
(31,	'2025-03-18 17:25:28.552416',	909,	3,	45000,	'manual',	NULL,	NULL,	'pending',	NULL,	NULL,	NULL),
(32,	'2025-03-18 17:25:28.552416',	909,	4,	45000,	'manual',	NULL,	NULL,	'pending',	NULL,	NULL,	NULL),
(33,	'2025-03-18 17:25:28.552416',	909,	13,	50000,	'manual',	NULL,	NULL,	'pending',	NULL,	NULL,	NULL),
(34,	'2025-03-18 17:25:28.552416',	909,	14,	50000,	'manual',	NULL,	NULL,	'pending',	NULL,	NULL,	NULL),
(35,	'2025-03-18 17:25:28.552416',	909,	17,	100000,	'manual',	NULL,	NULL,	'pending',	NULL,	NULL,	NULL),
(36,	'2025-03-18 17:25:28.552416',	910,	13,	50000,	'manual',	NULL,	NULL,	'pending',	NULL,	NULL,	NULL),
(37,	'2025-03-18 17:25:28.552416',	911,	1,	45000,	'manual',	NULL,	NULL,	'pending',	NULL,	NULL,	NULL),
(38,	'2025-03-18 17:25:28.552416',	911,	2,	45000,	'manual',	NULL,	NULL,	'pending',	NULL,	NULL,	NULL),
(39,	'2025-03-18 17:25:28.552416',	911,	3,	45000,	'manual',	NULL,	NULL,	'pending',	NULL,	NULL,	NULL),
(40,	'2025-03-18 17:25:28.552416',	911,	4,	45000,	'manual',	NULL,	NULL,	'pending',	NULL,	NULL,	NULL),
(41,	'2025-03-18 17:25:28.552416',	911,	5,	45000,	'manual',	NULL,	NULL,	'pending',	NULL,	NULL,	NULL),
(42,	'2025-03-18 17:25:28.552416',	911,	6,	45000,	'manual',	NULL,	NULL,	'pending',	NULL,	NULL,	NULL),
(43,	'2025-03-18 17:25:28.552416',	911,	7,	45000,	'manual',	NULL,	NULL,	'pending',	NULL,	NULL,	NULL),
(44,	'2025-03-18 17:25:28.552416',	911,	8,	45000,	'manual',	NULL,	NULL,	'pending',	NULL,	NULL,	NULL),
(45,	'2025-03-18 17:25:28.552416',	911,	9,	45000,	'manual',	NULL,	NULL,	'pending',	NULL,	NULL,	NULL),
(46,	'2025-03-18 17:25:28.552416',	911,	10,	45000,	'manual',	NULL,	NULL,	'pending',	NULL,	NULL,	NULL),
(47,	'2025-03-18 17:25:28.552416',	911,	11,	45000,	'manual',	NULL,	NULL,	'pending',	NULL,	NULL,	NULL),
(48,	'2025-03-18 17:25:28.552416',	911,	12,	45000,	'manual',	NULL,	NULL,	'pending',	NULL,	NULL,	NULL),
(49,	'2025-03-18 17:25:28.552416',	914,	1,	45000,	'manual',	NULL,	NULL,	'pending',	NULL,	NULL,	NULL),
(50,	'2025-03-18 17:25:28.552416',	914,	13,	50000,	'manual',	NULL,	NULL,	'pending',	NULL,	NULL,	NULL),
(51,	'2025-03-18 17:25:28.552416',	914,	14,	5000,	'manual',	NULL,	NULL,	'pending',	NULL,	NULL,	NULL),
(52,	'2025-03-18 17:25:28.552416',	916,	13,	50000,	'manual',	NULL,	NULL,	'pending',	NULL,	NULL,	NULL),
(53,	'2025-03-18 17:25:28.552416',	801,	13,	50000,	'manual',	NULL,	NULL,	'pending',	NULL,	NULL,	NULL),
(54,	'2025-03-18 17:25:28.552416',	801,	14,	50000,	'manual',	NULL,	NULL,	'pending',	NULL,	NULL,	NULL),
(55,	'2025-03-18 17:25:28.552416',	801,	17,	5000,	'manual',	NULL,	NULL,	'pending',	NULL,	NULL,	NULL),
(56,	'2025-03-18 17:25:28.552416',	801,	23,	200000,	'manual',	NULL,	NULL,	'pending',	NULL,	NULL,	NULL),
(57,	'2025-03-18 17:25:28.552416',	803,	13,	50000,	'manual',	NULL,	NULL,	'pending',	NULL,	NULL,	NULL),
(58,	'2025-03-18 17:25:28.552416',	805,	13,	50000,	'manual',	NULL,	NULL,	'pending',	NULL,	NULL,	NULL),
(59,	'2025-03-18 17:25:28.552416',	806,	1,	45000,	'manual',	NULL,	NULL,	'pending',	NULL,	NULL,	NULL),
(60,	'2025-03-18 17:25:28.552416',	806,	2,	45000,	'manual',	NULL,	NULL,	'pending',	NULL,	NULL,	NULL),
(61,	'2025-03-18 17:25:28.552416',	806,	3,	45000,	'manual',	NULL,	NULL,	'pending',	NULL,	NULL,	NULL),
(62,	'2025-03-18 17:25:28.552416',	806,	4,	45000,	'manual',	NULL,	NULL,	'pending',	NULL,	NULL,	NULL),
(63,	'2025-03-18 17:25:28.552416',	806,	5,	45000,	'manual',	NULL,	NULL,	'pending',	NULL,	NULL,	NULL),
(64,	'2025-03-18 17:25:28.552416',	806,	6,	45000,	'manual',	NULL,	NULL,	'pending',	NULL,	NULL,	NULL),
(65,	'2025-03-18 17:25:28.552416',	806,	7,	45000,	'manual',	NULL,	NULL,	'pending',	NULL,	NULL,	NULL),
(66,	'2025-03-18 17:25:28.552416',	806,	8,	45000,	'manual',	NULL,	NULL,	'pending',	NULL,	NULL,	NULL),
(67,	'2025-03-18 17:25:28.552416',	806,	9,	45000,	'manual',	NULL,	NULL,	'pending',	NULL,	NULL,	NULL),
(68,	'2025-03-18 17:25:28.552416',	806,	10,	45000,	'manual',	NULL,	NULL,	'pending',	NULL,	NULL,	NULL),
(69,	'2025-03-18 17:25:28.552416',	806,	11,	45000,	'manual',	NULL,	NULL,	'pending',	NULL,	NULL,	NULL),
(70,	'2025-03-18 17:25:28.552416',	806,	12,	45000,	'manual',	NULL,	NULL,	'pending',	NULL,	NULL,	NULL),
(71,	'2025-03-18 17:25:28.552416',	806,	13,	50000,	'manual',	NULL,	NULL,	'pending',	NULL,	NULL,	NULL),
(72,	'2025-03-18 17:25:28.552416',	806,	14,	50000,	'manual',	NULL,	NULL,	'pending',	NULL,	NULL,	NULL),
(73,	'2025-03-18 17:25:28.552416',	806,	17,	100000,	'manual',	NULL,	NULL,	'pending',	NULL,	NULL,	NULL),
(74,	'2025-03-18 17:25:28.552416',	806,	19,	50000,	'manual',	NULL,	NULL,	'pending',	NULL,	NULL,	NULL),
(75,	'2025-03-18 17:25:28.552416',	807,	13,	50000,	'manual',	NULL,	NULL,	'pending',	NULL,	NULL,	NULL),
(76,	'2025-03-18 17:25:28.552416',	807,	14,	50000,	'manual',	NULL,	NULL,	'pending',	NULL,	NULL,	NULL),
(77,	'2025-03-18 17:25:28.552416',	807,	17,	100000,	'manual',	NULL,	NULL,	'pending',	NULL,	NULL,	NULL),
(78,	'2025-03-18 17:25:28.552416',	807,	19,	50000,	'manual',	NULL,	NULL,	'pending',	NULL,	NULL,	NULL),
(79,	'2025-03-18 17:25:28.552416',	809,	1,	45000,	'manual',	NULL,	NULL,	'pending',	NULL,	NULL,	NULL),
(80,	'2025-03-18 17:25:28.552416',	809,	2,	45000,	'manual',	NULL,	NULL,	'pending',	NULL,	NULL,	NULL),
(81,	'2025-03-18 17:25:28.552416',	809,	3,	45000,	'manual',	NULL,	NULL,	'pending',	NULL,	NULL,	NULL),
(82,	'2025-03-18 17:25:28.552416',	809,	4,	45000,	'manual',	NULL,	NULL,	'pending',	NULL,	NULL,	NULL),
(83,	'2025-03-18 17:25:28.552416',	809,	13,	50000,	'manual',	NULL,	NULL,	'pending',	NULL,	NULL,	NULL),
(84,	'2025-03-18 17:25:28.552416',	809,	14,	50000,	'manual',	NULL,	NULL,	'pending',	NULL,	NULL,	NULL),
(85,	'2025-03-18 17:25:28.552416',	809,	23,	20000,	'manual',	NULL,	NULL,	'pending',	NULL,	NULL,	NULL),
(86,	'2025-03-18 17:25:28.552416',	810,	1,	45000,	'manual',	NULL,	NULL,	'pending',	NULL,	NULL,	NULL),
(87,	'2025-03-18 17:25:28.552416',	810,	2,	45000,	'manual',	NULL,	NULL,	'pending',	NULL,	NULL,	NULL),
(88,	'2025-03-18 17:25:28.552416',	810,	3,	45000,	'manual',	NULL,	NULL,	'pending',	NULL,	NULL,	NULL),
(89,	'2025-03-18 17:25:28.552416',	810,	4,	45000,	'manual',	NULL,	NULL,	'pending',	NULL,	NULL,	NULL),
(90,	'2025-03-18 17:25:28.552416',	810,	5,	45000,	'manual',	NULL,	NULL,	'pending',	NULL,	NULL,	NULL),
(91,	'2025-03-18 17:25:28.552416',	810,	6,	45000,	'manual',	NULL,	NULL,	'pending',	NULL,	NULL,	NULL),
(92,	'2025-03-18 17:25:28.552416',	810,	7,	45000,	'manual',	NULL,	NULL,	'pending',	NULL,	NULL,	NULL),
(93,	'2025-03-18 17:25:28.552416',	810,	8,	45000,	'manual',	NULL,	NULL,	'pending',	NULL,	NULL,	NULL),
(94,	'2025-03-18 17:25:28.552416',	810,	9,	45000,	'manual',	NULL,	NULL,	'pending',	NULL,	NULL,	NULL),
(95,	'2025-03-18 17:25:28.552416',	810,	10,	45000,	'manual',	NULL,	NULL,	'pending',	NULL,	NULL,	NULL),
(96,	'2025-03-18 17:25:28.552416',	810,	11,	45000,	'manual',	NULL,	NULL,	'pending',	NULL,	NULL,	NULL),
(97,	'2025-03-18 17:25:28.552416',	810,	12,	45000,	'manual',	NULL,	NULL,	'pending',	NULL,	NULL,	NULL),
(98,	'2025-03-18 17:25:28.552416',	810,	13,	50000,	'manual',	NULL,	NULL,	'pending',	NULL,	NULL,	NULL),
(99,	'2025-03-18 17:25:28.552416',	810,	14,	50000,	'manual',	NULL,	NULL,	'pending',	NULL,	NULL,	NULL),
(100,	'2025-03-18 17:25:28.552416',	810,	15,	50000,	'manual',	NULL,	NULL,	'pending',	NULL,	NULL,	NULL),
(101,	'2025-03-18 17:25:28.552416',	810,	16,	50000,	'manual',	NULL,	NULL,	'pending',	NULL,	NULL,	NULL),
(102,	'2025-03-18 17:25:28.552416',	810,	17,	100000,	'manual',	NULL,	NULL,	'pending',	NULL,	NULL,	NULL),
(103,	'2025-03-18 17:25:28.552416',	810,	18,	100000,	'manual',	NULL,	NULL,	'pending',	NULL,	NULL,	NULL),
(104,	'2025-03-18 17:25:28.552416',	810,	19,	50000,	'manual',	NULL,	NULL,	'pending',	NULL,	NULL,	NULL),
(105,	'2025-03-18 17:25:28.552416',	810,	20,	50000,	'manual',	NULL,	NULL,	'pending',	NULL,	NULL,	NULL),
(106,	'2025-03-18 17:25:28.552416',	810,	23,	200000,	'manual',	NULL,	NULL,	'pending',	NULL,	NULL,	NULL),
(107,	'2025-03-18 17:25:28.552416',	811,	13,	50000,	'manual',	NULL,	NULL,	'pending',	NULL,	NULL,	NULL),
(108,	'2025-03-18 17:25:28.552416',	813,	13,	50000,	'manual',	NULL,	NULL,	'pending',	NULL,	NULL,	NULL),
(109,	'2025-03-18 17:25:28.552416',	814,	13,	50000,	'manual',	NULL,	NULL,	'pending',	NULL,	NULL,	NULL),
(110,	'2025-03-18 17:25:28.552416',	815,	13,	50000,	'manual',	NULL,	NULL,	'pending',	NULL,	NULL,	NULL),
(111,	'2025-03-18 17:25:28.552416',	815,	14,	20000,	'manual',	NULL,	NULL,	'pending',	NULL,	NULL,	NULL),
(112,	'2025-03-18 17:25:28.552416',	816,	1,	45000,	'manual',	NULL,	NULL,	'pending',	NULL,	NULL,	NULL),
(113,	'2025-03-18 17:25:28.552416',	816,	2,	45000,	'manual',	NULL,	NULL,	'pending',	NULL,	NULL,	NULL),
(114,	'2025-03-18 17:25:28.552416',	816,	3,	45000,	'manual',	NULL,	NULL,	'pending',	NULL,	NULL,	NULL),
(115,	'2025-03-18 17:25:28.552416',	816,	4,	45000,	'manual',	NULL,	NULL,	'pending',	NULL,	NULL,	NULL),
(116,	'2025-03-18 17:25:28.552416',	816,	5,	45000,	'manual',	NULL,	NULL,	'pending',	NULL,	NULL,	NULL),
(117,	'2025-03-18 17:25:28.552416',	816,	6,	45000,	'manual',	NULL,	NULL,	'pending',	NULL,	NULL,	NULL),
(118,	'2025-03-18 17:25:28.552416',	816,	7,	45000,	'manual',	NULL,	NULL,	'pending',	NULL,	NULL,	NULL),
(119,	'2025-03-18 17:25:28.552416',	816,	8,	45000,	'manual',	NULL,	NULL,	'pending',	NULL,	NULL,	NULL),
(120,	'2025-03-18 17:25:28.552416',	816,	9,	45000,	'manual',	NULL,	NULL,	'pending',	NULL,	NULL,	NULL),
(121,	'2025-03-18 17:25:28.552416',	816,	10,	45000,	'manual',	NULL,	NULL,	'pending',	NULL,	NULL,	NULL),
(122,	'2025-03-18 17:25:28.552416',	816,	11,	45000,	'manual',	NULL,	NULL,	'pending',	NULL,	NULL,	NULL),
(123,	'2025-03-18 17:25:28.552416',	816,	12,	45000,	'manual',	NULL,	NULL,	'pending',	NULL,	NULL,	NULL),
(124,	'2025-03-18 17:25:28.552416',	816,	13,	50000,	'manual',	NULL,	NULL,	'pending',	NULL,	NULL,	NULL),
(125,	'2025-03-18 17:25:28.552416',	816,	14,	50000,	'manual',	NULL,	NULL,	'pending',	NULL,	NULL,	NULL),
(126,	'2025-03-18 17:25:28.552416',	816,	15,	50000,	'manual',	NULL,	NULL,	'pending',	NULL,	NULL,	NULL),
(127,	'2025-03-18 17:25:28.552416',	816,	17,	100000,	'manual',	NULL,	NULL,	'pending',	NULL,	NULL,	NULL),
(128,	'2025-03-18 17:25:28.552416',	816,	23,	200000,	'manual',	NULL,	NULL,	'pending',	NULL,	NULL,	NULL),
(129,	'2025-03-18 17:25:28.552416',	818,	1,	45000,	'manual',	NULL,	NULL,	'pending',	NULL,	NULL,	NULL),
(130,	'2025-03-18 17:25:28.552416',	818,	2,	45000,	'manual',	NULL,	NULL,	'pending',	NULL,	NULL,	NULL),
(131,	'2025-03-18 17:25:28.552416',	818,	3,	45000,	'manual',	NULL,	NULL,	'pending',	NULL,	NULL,	NULL),
(132,	'2025-03-18 17:25:28.552416',	818,	4,	45000,	'manual',	NULL,	NULL,	'pending',	NULL,	NULL,	NULL),
(133,	'2025-03-18 17:25:28.552416',	818,	5,	45000,	'manual',	NULL,	NULL,	'pending',	NULL,	NULL,	NULL),
(134,	'2025-03-18 17:25:28.552416',	818,	6,	45000,	'manual',	NULL,	NULL,	'pending',	NULL,	NULL,	NULL),
(135,	'2025-03-18 17:25:28.552416',	819,	7,	45000,	'manual',	NULL,	NULL,	'pending',	NULL,	NULL,	NULL),
(136,	'2025-03-18 17:25:28.552416',	819,	8,	45000,	'manual',	NULL,	NULL,	'pending',	NULL,	NULL,	NULL),
(137,	'2025-03-18 17:25:28.552416',	819,	9,	45000,	'manual',	NULL,	NULL,	'pending',	NULL,	NULL,	NULL),
(138,	'2025-03-18 17:25:28.552416',	819,	10,	45000,	'manual',	NULL,	NULL,	'pending',	NULL,	NULL,	NULL),
(139,	'2025-03-18 17:25:28.552416',	819,	11,	45000,	'manual',	NULL,	NULL,	'pending',	NULL,	NULL,	NULL),
(140,	'2025-03-18 17:25:28.552416',	819,	12,	45000,	'manual',	NULL,	NULL,	'pending',	NULL,	NULL,	NULL),
(141,	'2025-03-18 17:25:28.552416',	819,	13,	50000,	'manual',	NULL,	NULL,	'pending',	NULL,	NULL,	NULL),
(142,	'2025-03-18 17:25:28.552416',	819,	14,	50000,	'manual',	NULL,	NULL,	'pending',	NULL,	NULL,	NULL),
(143,	'2025-03-18 17:25:28.552416',	819,	17,	100000,	'manual',	NULL,	NULL,	'pending',	NULL,	NULL,	NULL),
(144,	'2025-03-18 17:25:28.552416',	819,	23,	120000,	'manual',	NULL,	NULL,	'pending',	NULL,	NULL,	NULL),
(145,	'2025-03-18 17:25:28.552416',	821,	13,	50000,	'manual',	NULL,	NULL,	'pending',	NULL,	NULL,	NULL),
(146,	'2025-03-18 17:25:28.552416',	822,	13,	50000,	'manual',	NULL,	NULL,	'pending',	NULL,	NULL,	NULL),
(147,	'2025-03-18 17:25:28.552416',	823,	1,	45000,	'manual',	NULL,	NULL,	'pending',	NULL,	NULL,	NULL),
(148,	'2025-03-18 17:25:28.552416',	823,	2,	45000,	'manual',	NULL,	NULL,	'pending',	NULL,	NULL,	NULL),
(149,	'2025-03-18 17:25:28.552416',	823,	13,	50000,	'manual',	NULL,	NULL,	'pending',	NULL,	NULL,	NULL),
(150,	'2025-03-18 17:25:28.552416',	823,	14,	10000,	'manual',	NULL,	NULL,	'pending',	NULL,	NULL,	NULL),
(151,	'2025-03-18 17:25:28.552416',	824,	1,	45000,	'manual',	NULL,	NULL,	'pending',	NULL,	NULL,	NULL),
(152,	'2025-03-18 17:25:28.552416',	824,	2,	45000,	'manual',	NULL,	NULL,	'pending',	NULL,	NULL,	NULL),
(153,	'2025-03-18 17:25:28.552416',	824,	3,	45000,	'manual',	NULL,	NULL,	'pending',	NULL,	NULL,	NULL),
(154,	'2025-03-18 17:25:28.552416',	824,	4,	45000,	'manual',	NULL,	NULL,	'pending',	NULL,	NULL,	NULL),
(155,	'2025-03-18 17:25:28.552416',	824,	5,	45000,	'manual',	NULL,	NULL,	'pending',	NULL,	NULL,	NULL),
(156,	'2025-03-18 17:25:28.552416',	824,	6,	45000,	'manual',	NULL,	NULL,	'pending',	NULL,	NULL,	NULL),
(157,	'2025-03-18 17:25:28.552416',	824,	7,	45000,	'manual',	NULL,	NULL,	'pending',	NULL,	NULL,	NULL),
(158,	'2025-03-18 17:25:28.552416',	824,	8,	45000,	'manual',	NULL,	NULL,	'pending',	NULL,	NULL,	NULL),
(159,	'2025-03-18 17:25:28.552416',	824,	9,	45000,	'manual',	NULL,	NULL,	'pending',	NULL,	NULL,	NULL),
(160,	'2025-03-18 17:25:28.552416',	824,	10,	45000,	'manual',	NULL,	NULL,	'pending',	NULL,	NULL,	NULL),
(161,	'2025-03-18 17:25:28.552416',	824,	11,	45000,	'manual',	NULL,	NULL,	'pending',	NULL,	NULL,	NULL),
(162,	'2025-03-18 17:25:28.552416',	824,	12,	45000,	'manual',	NULL,	NULL,	'pending',	NULL,	NULL,	NULL),
(163,	'2025-03-18 17:25:28.552416',	825,	1,	45000,	'manual',	NULL,	NULL,	'pending',	NULL,	NULL,	NULL),
(164,	'2025-03-18 17:25:28.552416',	825,	2,	45000,	'manual',	NULL,	NULL,	'pending',	NULL,	NULL,	NULL),
(165,	'2025-03-18 17:25:28.552416',	825,	3,	45000,	'manual',	NULL,	NULL,	'pending',	NULL,	NULL,	NULL),
(166,	'2025-03-18 17:25:28.552416',	825,	4,	45000,	'manual',	NULL,	NULL,	'pending',	NULL,	NULL,	NULL),
(167,	'2025-03-18 17:25:28.552416',	825,	5,	45000,	'manual',	NULL,	NULL,	'pending',	NULL,	NULL,	NULL),
(168,	'2025-03-18 17:25:28.552416',	825,	6,	45000,	'manual',	NULL,	NULL,	'pending',	NULL,	NULL,	NULL),
(169,	'2025-03-18 17:25:28.552416',	825,	13,	50000,	'manual',	NULL,	NULL,	'pending',	NULL,	NULL,	NULL),
(170,	'2025-03-18 17:25:28.552416',	825,	14,	50000,	'manual',	NULL,	NULL,	'pending',	NULL,	NULL,	NULL),
(171,	'2025-03-18 17:25:28.552416',	825,	17,	100000,	'manual',	NULL,	NULL,	'pending',	NULL,	NULL,	NULL),
(172,	'2025-03-18 17:25:28.552416',	825,	19,	50000,	'manual',	NULL,	NULL,	'pending',	NULL,	NULL,	NULL),
(173,	'2025-03-18 17:25:28.552416',	825,	23,	20000,	'manual',	NULL,	NULL,	'pending',	NULL,	NULL,	NULL),
(174,	'2025-03-18 17:25:28.552416',	701,	13,	50000,	'manual',	NULL,	NULL,	'pending',	NULL,	NULL,	NULL),
(175,	'2025-03-18 17:25:28.552416',	702,	13,	50000,	'manual',	NULL,	NULL,	'pending',	NULL,	NULL,	NULL),
(176,	'2025-03-18 17:25:28.552416',	703,	13,	50000,	'manual',	NULL,	NULL,	'pending',	NULL,	NULL,	NULL),
(177,	'2025-03-18 17:25:28.552416',	704,	13,	50000,	'manual',	NULL,	NULL,	'pending',	NULL,	NULL,	NULL),
(178,	'2025-03-18 17:25:28.552416',	705,	1,	45000,	'manual',	NULL,	NULL,	'pending',	NULL,	NULL,	NULL),
(179,	'2025-03-18 17:25:28.552416',	705,	2,	45000,	'manual',	NULL,	NULL,	'pending',	NULL,	NULL,	NULL),
(180,	'2025-03-18 17:25:28.552416',	705,	3,	45000,	'manual',	NULL,	NULL,	'pending',	NULL,	NULL,	NULL),
(181,	'2025-03-18 17:25:28.552416',	705,	4,	45000,	'manual',	NULL,	NULL,	'pending',	NULL,	NULL,	NULL),
(182,	'2025-03-18 17:25:28.552416',	705,	5,	45000,	'manual',	NULL,	NULL,	'pending',	NULL,	NULL,	NULL),
(183,	'2025-03-18 17:25:28.552416',	705,	6,	45000,	'manual',	NULL,	NULL,	'pending',	NULL,	NULL,	NULL),
(184,	'2025-03-18 17:25:28.552416',	705,	7,	45000,	'manual',	NULL,	NULL,	'pending',	NULL,	NULL,	NULL),
(185,	'2025-03-18 17:25:28.552416',	705,	8,	45000,	'manual',	NULL,	NULL,	'pending',	NULL,	NULL,	NULL),
(186,	'2025-03-18 17:25:28.552416',	705,	9,	45000,	'manual',	NULL,	NULL,	'pending',	NULL,	NULL,	NULL),
(187,	'2025-03-18 17:25:28.552416',	705,	10,	45000,	'manual',	NULL,	NULL,	'pending',	NULL,	NULL,	NULL),
(188,	'2025-03-18 17:25:28.552416',	705,	11,	45000,	'manual',	NULL,	NULL,	'pending',	NULL,	NULL,	NULL),
(189,	'2025-03-18 17:25:28.552416',	705,	12,	45000,	'manual',	NULL,	NULL,	'pending',	NULL,	NULL,	NULL),
(190,	'2025-03-18 17:25:28.552416',	705,	13,	50000,	'manual',	NULL,	NULL,	'pending',	NULL,	NULL,	NULL),
(191,	'2025-03-18 17:25:28.552416',	705,	14,	50000,	'manual',	NULL,	NULL,	'pending',	NULL,	NULL,	NULL),
(192,	'2025-03-18 17:25:28.552416',	705,	15,	50000,	'manual',	NULL,	NULL,	'pending',	NULL,	NULL,	NULL),
(193,	'2025-03-18 17:25:28.552416',	705,	16,	50000,	'manual',	NULL,	NULL,	'pending',	NULL,	NULL,	NULL),
(194,	'2025-03-18 17:25:28.552416',	705,	17,	100000,	'manual',	NULL,	NULL,	'pending',	NULL,	NULL,	NULL),
(195,	'2025-03-18 17:25:28.552416',	705,	18,	100000,	'manual',	NULL,	NULL,	'pending',	NULL,	NULL,	NULL),
(196,	'2025-03-18 17:25:28.552416',	705,	19,	50000,	'manual',	NULL,	NULL,	'pending',	NULL,	NULL,	NULL),
(197,	'2025-03-18 17:25:28.552416',	705,	20,	50000,	'manual',	NULL,	NULL,	'pending',	NULL,	NULL,	NULL),
(198,	'2025-03-18 17:25:28.552416',	705,	21,	80000,	'manual',	NULL,	NULL,	'pending',	NULL,	NULL,	NULL),
(199,	'2025-03-18 17:25:28.552416',	705,	22,	40000,	'manual',	NULL,	NULL,	'pending',	NULL,	NULL,	NULL),
(200,	'2025-03-18 17:25:28.552416',	706,	13,	50000,	'manual',	NULL,	NULL,	'pending',	NULL,	NULL,	NULL),
(201,	'2025-03-18 17:25:28.552416',	707,	13,	50000,	'manual',	NULL,	NULL,	'pending',	NULL,	NULL,	NULL),
(202,	'2025-03-18 17:25:28.552416',	708,	13,	50000,	'manual',	NULL,	NULL,	'pending',	NULL,	NULL,	NULL),
(203,	'2025-03-18 17:25:28.552416',	709,	13,	50000,	'manual',	NULL,	NULL,	'pending',	NULL,	NULL,	NULL),
(204,	'2025-03-18 17:25:28.552416',	709,	1,	45000,	'manual',	NULL,	NULL,	'pending',	NULL,	NULL,	NULL),
(205,	'2025-03-18 17:25:28.552416',	709,	2,	45000,	'manual',	NULL,	NULL,	'pending',	NULL,	NULL,	NULL),
(206,	'2025-03-18 17:25:28.552416',	709,	3,	45000,	'manual',	NULL,	NULL,	'pending',	NULL,	NULL,	NULL),
(207,	'2025-03-18 17:25:28.552416',	709,	4,	45000,	'manual',	NULL,	NULL,	'pending',	NULL,	NULL,	NULL),
(208,	'2025-03-18 17:25:28.552416',	709,	5,	45000,	'manual',	NULL,	NULL,	'pending',	NULL,	NULL,	NULL),
(209,	'2025-03-18 17:25:28.552416',	709,	6,	45000,	'manual',	NULL,	NULL,	'pending',	NULL,	NULL,	NULL),
(210,	'2025-03-18 17:25:28.552416',	709,	7,	45000,	'manual',	NULL,	NULL,	'pending',	NULL,	NULL,	NULL),
(211,	'2025-03-18 17:25:28.552416',	709,	8,	45000,	'manual',	NULL,	NULL,	'pending',	NULL,	NULL,	NULL),
(212,	'2025-03-18 17:25:28.552416',	709,	9,	45000,	'manual',	NULL,	NULL,	'pending',	NULL,	NULL,	NULL),
(213,	'2025-03-18 17:25:28.552416',	709,	10,	45000,	'manual',	NULL,	NULL,	'pending',	NULL,	NULL,	NULL),
(214,	'2025-03-18 17:25:28.552416',	709,	11,	45000,	'manual',	NULL,	NULL,	'pending',	NULL,	NULL,	NULL),
(215,	'2025-03-18 17:25:28.552416',	709,	12,	45000,	'manual',	NULL,	NULL,	'pending',	NULL,	NULL,	NULL),
(216,	'2025-03-18 17:25:28.552416',	710,	13,	50000,	'manual',	NULL,	NULL,	'pending',	NULL,	NULL,	NULL),
(217,	'2025-03-18 17:25:28.552416',	711,	13,	50000,	'manual',	NULL,	NULL,	'pending',	NULL,	NULL,	NULL),
(218,	'2025-03-18 17:25:28.552416',	712,	13,	50000,	'manual',	NULL,	NULL,	'pending',	NULL,	NULL,	NULL),
(219,	'2025-03-18 17:25:28.552416',	713,	13,	50000,	'manual',	NULL,	NULL,	'pending',	NULL,	NULL,	NULL),
(220,	'2025-03-18 17:25:28.552416',	714,	13,	50000,	'manual',	NULL,	NULL,	'pending',	NULL,	NULL,	NULL),
(221,	'2025-03-18 17:25:28.552416',	715,	13,	50000,	'manual',	NULL,	NULL,	'pending',	NULL,	NULL,	NULL),
(222,	'2025-03-18 17:25:28.552416',	716,	13,	50000,	'manual',	NULL,	NULL,	'pending',	NULL,	NULL,	NULL),
(223,	'2025-03-18 17:25:28.552416',	717,	13,	50000,	'manual',	NULL,	NULL,	'pending',	NULL,	NULL,	NULL),
(224,	'2025-03-18 17:25:28.552416',	718,	13,	50000,	'manual',	NULL,	NULL,	'pending',	NULL,	NULL,	NULL),
(225,	'2025-03-18 17:25:28.552416',	719,	13,	50000,	'manual',	NULL,	NULL,	'pending',	NULL,	NULL,	NULL),
(226,	'2025-03-18 17:25:28.552416',	719,	14,	50000,	'manual',	NULL,	NULL,	'pending',	NULL,	NULL,	NULL),
(227,	'2025-03-18 17:25:28.552416',	719,	17,	100000,	'manual',	NULL,	NULL,	'pending',	NULL,	NULL,	NULL),
(228,	'2025-03-18 17:25:28.552416',	720,	13,	50000,	'manual',	NULL,	NULL,	'pending',	NULL,	NULL,	NULL),
(229,	'2025-03-18 17:25:28.552416',	720,	1,	45000,	'manual',	NULL,	NULL,	'pending',	NULL,	NULL,	NULL),
(230,	'2025-03-18 17:25:28.552416',	720,	2,	45000,	'manual',	NULL,	NULL,	'pending',	NULL,	NULL,	NULL),
(231,	'2025-03-18 17:25:28.552416',	720,	3,	45000,	'manual',	NULL,	NULL,	'pending',	NULL,	NULL,	NULL),
(232,	'2025-03-18 17:25:28.552416',	720,	4,	45000,	'manual',	NULL,	NULL,	'pending',	NULL,	NULL,	NULL),
(233,	'2025-03-18 17:25:28.552416',	720,	5,	45000,	'manual',	NULL,	NULL,	'pending',	NULL,	NULL,	NULL),
(234,	'2025-03-18 17:25:28.552416',	720,	6,	45000,	'manual',	NULL,	NULL,	'pending',	NULL,	NULL,	NULL),
(235,	'2025-03-18 17:25:28.552416',	720,	7,	45000,	'manual',	NULL,	NULL,	'pending',	NULL,	NULL,	NULL),
(236,	'2025-03-18 17:25:28.552416',	720,	8,	45000,	'manual',	NULL,	NULL,	'pending',	NULL,	NULL,	NULL),
(237,	'2025-03-18 17:25:28.552416',	720,	9,	45000,	'manual',	NULL,	NULL,	'pending',	NULL,	NULL,	NULL),
(238,	'2025-03-18 17:25:28.552416',	720,	10,	45000,	'manual',	NULL,	NULL,	'pending',	NULL,	NULL,	NULL),
(239,	'2025-03-18 17:25:28.552416',	720,	11,	45000,	'manual',	NULL,	NULL,	'pending',	NULL,	NULL,	NULL),
(240,	'2025-03-18 17:25:28.552416',	720,	12,	45000,	'manual',	NULL,	NULL,	'pending',	NULL,	NULL,	NULL),
(241,	'2025-03-18 17:25:28.552416',	721,	13,	50000,	'manual',	NULL,	NULL,	'pending',	NULL,	NULL,	NULL),
(242,	'2025-03-18 17:25:28.552416',	722,	13,	50000,	'manual',	NULL,	NULL,	'pending',	NULL,	NULL,	NULL),
(243,	'2025-03-18 17:25:28.552416',	719,	19,	50000,	'manual',	NULL,	NULL,	'pending',	NULL,	NULL,	NULL),
(244,	'2025-03-18 17:25:28.552416',	719,	21,	80000,	'manual',	NULL,	NULL,	'pending',	NULL,	NULL,	NULL),
(245,	'2025-03-18 17:25:28.552416',	719,	22,	40000,	'manual',	NULL,	NULL,	'pending',	NULL,	NULL,	NULL),
(246,	'2025-03-18 17:25:28.552416',	719,	15,	30000,	'manual',	NULL,	NULL,	'pending',	NULL,	NULL,	NULL),
(247,	'2025-03-18 17:25:28.552416',	701,	1,	45000,	'manual',	NULL,	NULL,	'pending',	NULL,	NULL,	NULL),
(248,	'2025-03-18 17:25:28.552416',	701,	2,	45000,	'manual',	NULL,	NULL,	'pending',	NULL,	NULL,	NULL),
(249,	'2025-03-18 17:25:28.552416',	701,	3,	45000,	'manual',	NULL,	NULL,	'pending',	NULL,	NULL,	NULL),
(250,	'2025-03-18 17:25:28.552416',	701,	4,	45000,	'manual',	NULL,	NULL,	'pending',	NULL,	NULL,	NULL),
(251,	'2025-03-18 17:25:28.552416',	701,	5,	45000,	'manual',	NULL,	NULL,	'pending',	NULL,	NULL,	NULL),
(252,	'2025-03-18 17:25:28.552416',	701,	6,	45000,	'manual',	NULL,	NULL,	'pending',	NULL,	NULL,	NULL),
(253,	'2025-03-18 17:25:28.552416',	701,	14,	50000,	'manual',	NULL,	NULL,	'pending',	NULL,	NULL,	NULL),
(254,	'2025-03-18 17:25:28.552416',	701,	19,	50000,	'manual',	NULL,	NULL,	'pending',	NULL,	NULL,	NULL),
(255,	'2025-03-18 17:25:28.552416',	701,	17,	100000,	'manual',	NULL,	NULL,	'pending',	NULL,	NULL,	NULL),
(256,	'2025-03-18 17:25:28.552416',	701,	21,	80000,	'manual',	NULL,	NULL,	'pending',	NULL,	NULL,	NULL),
(257,	'2025-03-18 17:25:28.552416',	702,	14,	50000,	'manual',	NULL,	NULL,	'pending',	NULL,	NULL,	NULL),
(258,	'2025-03-18 17:25:28.552416',	702,	15,	50000,	'manual',	NULL,	NULL,	'pending',	NULL,	NULL,	NULL),
(259,	'2025-03-18 17:25:28.552416',	702,	17,	100000,	'manual',	NULL,	NULL,	'pending',	NULL,	NULL,	NULL),
(260,	'2025-03-18 17:25:28.552416',	702,	18,	100000,	'manual',	NULL,	NULL,	'pending',	NULL,	NULL,	NULL),
(261,	'2025-03-18 17:25:28.552416',	702,	19,	50000,	'manual',	NULL,	NULL,	'pending',	NULL,	NULL,	NULL),
(262,	'2025-03-18 17:25:28.552416',	702,	20,	50000,	'manual',	NULL,	NULL,	'pending',	NULL,	NULL,	NULL),
(263,	'2025-03-18 17:25:28.552416',	702,	16,	50000,	'manual',	NULL,	NULL,	'pending',	NULL,	NULL,	NULL),
(264,	'2025-03-18 17:25:28.552416',	702,	21,	80000,	'manual',	NULL,	NULL,	'pending',	NULL,	NULL,	NULL),
(265,	'2025-03-18 17:25:28.552416',	702,	22,	20000,	'manual',	NULL,	NULL,	'pending',	NULL,	NULL,	NULL),
(266,	'2025-03-18 17:25:28.552416',	810,	1,	45000,	'manual',	NULL,	NULL,	'pending',	NULL,	NULL,	NULL),
(267,	'2025-03-18 17:25:28.552416',	810,	2,	45000,	'manual',	NULL,	NULL,	'pending',	NULL,	NULL,	NULL),
(268,	'2025-03-18 17:25:28.552416',	810,	3,	45000,	'manual',	NULL,	NULL,	'pending',	NULL,	NULL,	NULL),
(269,	'2025-03-18 17:25:28.552416',	810,	13,	35000,	'manual',	NULL,	NULL,	'pending',	NULL,	NULL,	NULL),
(270,	'2025-03-18 17:25:28.552416',	811,	14,	50000,	'manual',	NULL,	NULL,	'pending',	NULL,	NULL,	NULL),
(271,	'2025-03-18 17:25:28.552416',	811,	1,	45000,	'manual',	NULL,	NULL,	'pending',	NULL,	NULL,	NULL),
(272,	'2025-03-18 17:25:28.552416',	811,	2,	45000,	'manual',	NULL,	NULL,	'pending',	NULL,	NULL,	NULL),
(273,	'2025-03-18 17:25:28.552416',	811,	3,	45000,	'manual',	NULL,	NULL,	'pending',	NULL,	NULL,	NULL),
(274,	'2025-03-18 17:25:28.552416',	811,	4,	45000,	'manual',	NULL,	NULL,	'pending',	NULL,	NULL,	NULL),
(275,	'2025-03-18 17:25:28.552416',	811,	5,	45000,	'manual',	NULL,	NULL,	'pending',	NULL,	NULL,	NULL),
(276,	'2025-03-18 17:25:28.552416',	811,	6,	45000,	'manual',	NULL,	NULL,	'pending',	NULL,	NULL,	NULL),
(277,	'2025-03-18 17:25:28.552416',	811,	17,	30000,	'manual',	NULL,	NULL,	'pending',	NULL,	NULL,	NULL),
(278,	'2025-03-18 17:25:28.552416',	811,	23,	200000,	'manual',	NULL,	NULL,	'pending',	NULL,	NULL,	NULL),
(279,	'2025-03-18 17:25:28.552416',	818,	13,	50000,	'manual',	NULL,	NULL,	'pending',	NULL,	NULL,	NULL),
(280,	'2025-03-18 17:25:28.552416',	818,	14,	50000,	'manual',	NULL,	NULL,	'pending',	NULL,	NULL,	NULL),
(281,	'2025-03-18 17:25:28.552416',	818,	15,	50000,	'manual',	NULL,	NULL,	'pending',	NULL,	NULL,	NULL),
(282,	'2025-03-18 17:25:28.552416',	818,	17,	100000,	'manual',	NULL,	NULL,	'pending',	NULL,	NULL,	NULL),
(283,	'2025-03-18 17:25:28.552416',	818,	18,	10000,	'manual',	NULL,	NULL,	'pending',	NULL,	NULL,	NULL),
(284,	'2025-03-18 17:25:28.552416',	818,	19,	50000,	'manual',	NULL,	NULL,	'pending',	NULL,	NULL,	NULL),
(285,	'2025-03-18 17:25:28.552416',	824,	13,	50000,	'manual',	NULL,	NULL,	'pending',	NULL,	NULL,	NULL),
(286,	'2025-03-18 17:25:28.552416',	824,	14,	50000,	'manual',	NULL,	NULL,	'pending',	NULL,	NULL,	NULL),
(287,	'2025-03-18 17:25:28.552416',	824,	15,	50000,	'manual',	NULL,	NULL,	'pending',	NULL,	NULL,	NULL),
(288,	'2025-03-18 17:25:28.552416',	824,	17,	100000,	'manual',	NULL,	NULL,	'pending',	NULL,	NULL,	NULL),
(289,	'2025-03-18 17:25:28.552416',	824,	18,	10000,	'manual',	NULL,	NULL,	'pending',	NULL,	NULL,	NULL),
(290,	'2025-03-18 17:25:28.552416',	824,	19,	50000,	'manual',	NULL,	NULL,	'pending',	NULL,	NULL,	NULL),
(291,	'2025-03-18 17:25:28.552416',	823,	14,	40000,	'manual',	NULL,	NULL,	'pending',	NULL,	NULL,	NULL),
(292,	'2025-03-18 17:25:28.552416',	823,	19,	50000,	'manual',	NULL,	NULL,	'pending',	NULL,	NULL,	NULL),
(293,	'2025-03-18 17:25:28.552416',	823,	17,	10000,	'manual',	NULL,	NULL,	'pending',	NULL,	NULL,	NULL),
(294,	'2025-03-18 17:25:28.552416',	721,	1,	45000,	'manual',	NULL,	NULL,	'pending',	NULL,	NULL,	NULL),
(295,	'2025-03-18 17:25:28.552416',	721,	14,	50000,	'manual',	NULL,	NULL,	'pending',	NULL,	NULL,	NULL),
(296,	'2025-03-18 17:25:28.552416',	721,	17,	5000,	'manual',	NULL,	NULL,	'pending',	NULL,	NULL,	NULL),
(297,	'2025-03-18 17:25:28.552416',	916,	14,	50000,	'manual',	NULL,	NULL,	'pending',	NULL,	NULL,	NULL),
(298,	'2025-03-18 17:25:28.552416',	714,	1,	45000,	'manual',	NULL,	NULL,	'pending',	NULL,	NULL,	NULL),
(299,	'2025-03-18 17:25:28.552416',	714,	2,	45000,	'manual',	NULL,	NULL,	'pending',	NULL,	NULL,	NULL),
(300,	'2025-03-18 17:25:28.552416',	714,	3,	45000,	'manual',	NULL,	NULL,	'pending',	NULL,	NULL,	NULL),
(301,	'2025-03-18 17:25:28.552416',	714,	14,	50000,	'manual',	NULL,	NULL,	'pending',	NULL,	NULL,	NULL),
(302,	'2025-03-18 17:25:28.552416',	714,	17,	15000,	'manual',	NULL,	NULL,	'pending',	NULL,	NULL,	NULL),
(303,	'2025-03-18 17:25:28.552416',	718,	14,	50000,	'manual',	NULL,	NULL,	'pending',	NULL,	NULL,	NULL),
(304,	'2025-03-18 17:25:28.552416',	817,	1,	45000,	'manual',	NULL,	NULL,	'pending',	NULL,	NULL,	NULL),
(305,	'2025-03-18 17:25:28.552416',	817,	2,	45000,	'manual',	NULL,	NULL,	'pending',	NULL,	NULL,	NULL),
(306,	'2025-03-18 17:25:28.552416',	817,	13,	50000,	'manual',	NULL,	NULL,	'pending',	NULL,	NULL,	NULL),
(307,	'2025-03-18 17:25:28.552416',	817,	14,	50000,	'manual',	NULL,	NULL,	'pending',	NULL,	NULL,	NULL),
(308,	'2025-03-18 17:25:28.552416',	817,	17,	98000,	'manual',	NULL,	NULL,	'pending',	NULL,	NULL,	NULL),
(309,	'2025-03-18 17:25:28.552416',	713,	14,	50000,	'manual',	NULL,	NULL,	'pending',	NULL,	NULL,	NULL),
(310,	'2025-03-18 17:25:28.552416',	702,	22,	20000,	'manual',	NULL,	NULL,	'pending',	NULL,	NULL,	NULL),
(311,	'2025-03-18 17:25:28.552416',	717,	1,	45000,	'manual',	NULL,	NULL,	'pending',	NULL,	NULL,	NULL),
(312,	'2025-03-18 17:25:28.552416',	717,	2,	45000,	'manual',	NULL,	NULL,	'pending',	NULL,	NULL,	NULL),
(313,	'2025-03-18 17:25:28.552416',	717,	3,	45000,	'manual',	NULL,	NULL,	'pending',	NULL,	NULL,	NULL),
(314,	'2025-03-18 17:25:28.552416',	717,	4,	45000,	'manual',	NULL,	NULL,	'pending',	NULL,	NULL,	NULL),
(315,	'2025-03-18 17:25:28.552416',	722,	14,	50000,	'manual',	NULL,	NULL,	'pending',	NULL,	NULL,	NULL),
(316,	'2025-03-18 17:25:28.552416',	709,	14,	50000,	'manual',	NULL,	NULL,	'pending',	NULL,	NULL,	NULL),
(317,	'2025-03-18 17:25:28.552416',	709,	17,	100000,	'manual',	NULL,	NULL,	'pending',	NULL,	NULL,	NULL),
(318,	'2025-03-18 17:25:28.552416',	709,	19,	50000,	'manual',	NULL,	NULL,	'pending',	NULL,	NULL,	NULL),
(319,	'2025-03-18 17:25:28.552416',	709,	21,	80000,	'manual',	NULL,	NULL,	'pending',	NULL,	NULL,	NULL),
(320,	'2025-03-18 17:25:28.552416',	709,	22,	40000,	'manual',	NULL,	NULL,	'pending',	NULL,	NULL,	NULL),
(321,	'2025-03-18 17:25:28.552416',	803,	1,	45000,	'manual',	NULL,	NULL,	'pending',	NULL,	NULL,	NULL),
(322,	'2025-03-18 17:25:28.552416',	803,	2,	45000,	'manual',	NULL,	NULL,	'pending',	NULL,	NULL,	NULL),
(323,	'2025-03-18 17:25:28.552416',	803,	3,	45000,	'manual',	NULL,	NULL,	'pending',	NULL,	NULL,	NULL),
(324,	'2025-03-18 17:25:28.552416',	803,	4,	45000,	'manual',	NULL,	NULL,	'pending',	NULL,	NULL,	NULL),
(325,	'2025-03-18 17:25:28.552416',	803,	5,	45000,	'manual',	NULL,	NULL,	'pending',	NULL,	NULL,	NULL),
(326,	'2025-03-18 17:25:28.552416',	803,	6,	45000,	'manual',	NULL,	NULL,	'pending',	NULL,	NULL,	NULL),
(327,	'2025-03-18 17:25:28.552416',	803,	14,	50000,	'manual',	NULL,	NULL,	'pending',	NULL,	NULL,	NULL),
(328,	'2025-03-18 17:25:28.552416',	803,	17,	100000,	'manual',	NULL,	NULL,	'pending',	NULL,	NULL,	NULL),
(329,	'2025-03-18 17:25:28.552416',	803,	19,	50000,	'manual',	NULL,	NULL,	'pending',	NULL,	NULL,	NULL),
(330,	'2025-03-18 17:25:28.552416',	803,	23,	200000,	'manual',	NULL,	NULL,	'pending',	NULL,	NULL,	NULL),
(331,	'2025-03-18 17:25:28.552416',	715,	14,	50000,	'manual',	NULL,	NULL,	'pending',	NULL,	NULL,	NULL),
(332,	'2025-03-18 17:25:28.552416',	715,	19,	50000,	'manual',	NULL,	NULL,	'pending',	NULL,	NULL,	NULL),
(333,	'2025-03-18 17:25:28.552416',	704,	1,	45000,	'manual',	NULL,	NULL,	'pending',	NULL,	NULL,	NULL),
(334,	'2025-03-18 17:25:28.552416',	704,	2,	45000,	'manual',	NULL,	NULL,	'pending',	NULL,	NULL,	NULL),
(335,	'2025-03-18 17:25:28.552416',	704,	3,	45000,	'manual',	NULL,	NULL,	'pending',	NULL,	NULL,	NULL),
(336,	'2025-03-18 17:25:28.552416',	704,	14,	50000,	'manual',	NULL,	NULL,	'pending',	NULL,	NULL,	NULL),
(337,	'2025-03-18 17:25:28.552416',	704,	19,	50000,	'manual',	NULL,	NULL,	'pending',	NULL,	NULL,	NULL),
(338,	'2025-03-18 17:25:28.552416',	704,	17,	15000,	'manual',	NULL,	NULL,	'pending',	NULL,	NULL,	NULL),
(339,	'2025-03-18 17:25:28.552416',	904,	1,	45000,	'manual',	NULL,	NULL,	'pending',	NULL,	NULL,	NULL),
(340,	'2025-03-18 17:25:28.552416',	904,	13,	50000,	'manual',	NULL,	NULL,	'pending',	NULL,	NULL,	NULL),
(341,	'2025-03-18 17:25:28.552416',	904,	14,	50000,	'manual',	NULL,	NULL,	'pending',	NULL,	NULL,	NULL),
(342,	'2025-03-18 17:25:28.552416',	904,	17,	17000,	'manual',	NULL,	NULL,	'pending',	NULL,	NULL,	NULL),
(343,	'2025-03-18 17:25:28.552416',	822,	1,	45000,	'manual',	NULL,	NULL,	'pending',	NULL,	NULL,	NULL),
(344,	'2025-03-18 17:25:28.552416',	822,	2,	45000,	'manual',	NULL,	NULL,	'pending',	NULL,	NULL,	NULL),
(345,	'2025-03-18 17:25:28.552416',	822,	3,	45000,	'manual',	NULL,	NULL,	'pending',	NULL,	NULL,	NULL),
(346,	'2025-03-18 17:25:28.552416',	822,	4,	45000,	'manual',	NULL,	NULL,	'pending',	NULL,	NULL,	NULL),
(347,	'2025-03-18 17:25:28.552416',	822,	5,	45000,	'manual',	NULL,	NULL,	'pending',	NULL,	NULL,	NULL),
(348,	'2025-03-18 17:25:28.552416',	822,	6,	45000,	'manual',	NULL,	NULL,	'pending',	NULL,	NULL,	NULL),
(349,	'2025-03-18 17:25:28.552416',	822,	14,	50000,	'manual',	NULL,	NULL,	'pending',	NULL,	NULL,	NULL),
(350,	'2025-03-18 17:25:28.552416',	822,	17,	100000,	'manual',	NULL,	NULL,	'pending',	NULL,	NULL,	NULL),
(351,	'2025-03-18 17:25:28.552416',	822,	19,	50000,	'manual',	NULL,	NULL,	'pending',	NULL,	NULL,	NULL),
(352,	'2025-03-18 17:25:28.552416',	822,	23,	200000,	'manual',	NULL,	NULL,	'pending',	NULL,	NULL,	NULL),
(353,	'2025-03-18 17:25:28.552416',	710,	14,	50000,	'manual',	NULL,	NULL,	'pending',	NULL,	NULL,	NULL),
(354,	'2025-03-18 17:25:28.552416',	710,	1,	45000,	'manual',	NULL,	NULL,	'pending',	NULL,	NULL,	NULL),
(355,	'2025-03-18 17:25:28.552416',	710,	2,	45000,	'manual',	NULL,	NULL,	'pending',	NULL,	NULL,	NULL),
(356,	'2025-03-18 17:25:28.552416',	710,	3,	45000,	'manual',	NULL,	NULL,	'pending',	NULL,	NULL,	NULL),
(357,	'2025-03-18 17:25:28.552416',	710,	19,	50000,	'manual',	NULL,	NULL,	'pending',	NULL,	NULL,	NULL),
(358,	'2025-03-18 17:25:28.552416',	710,	17,	3000,	'manual',	NULL,	NULL,	'pending',	NULL,	NULL,	NULL),
(359,	'2025-03-18 17:25:28.552416',	722,	1,	45000,	'manual',	NULL,	NULL,	'pending',	NULL,	NULL,	NULL),
(360,	'2025-03-18 17:25:28.552416',	722,	2,	45000,	'manual',	NULL,	NULL,	'pending',	NULL,	NULL,	NULL),
(361,	'2025-03-18 17:25:28.552416',	722,	3,	45000,	'manual',	NULL,	NULL,	'pending',	NULL,	NULL,	NULL),
(362,	'2025-03-18 17:25:28.552416',	722,	4,	45000,	'manual',	NULL,	NULL,	'pending',	NULL,	NULL,	NULL),
(363,	'2025-03-18 17:25:28.552416',	722,	5,	45000,	'manual',	NULL,	NULL,	'pending',	NULL,	NULL,	NULL),
(364,	'2025-03-18 17:25:28.552416',	722,	6,	45000,	'manual',	NULL,	NULL,	'pending',	NULL,	NULL,	NULL),
(365,	'2025-03-18 17:25:28.552416',	722,	21,	80000,	'manual',	NULL,	NULL,	'pending',	NULL,	NULL,	NULL),
(366,	'2025-03-18 17:25:28.552416',	722,	22,	40000,	'manual',	NULL,	NULL,	'pending',	NULL,	NULL,	NULL),
(367,	'2025-03-18 17:25:28.552416',	721,	2,	45000,	'manual',	NULL,	NULL,	'pending',	NULL,	NULL,	NULL),
(368,	'2025-03-18 17:25:28.552416',	909,	5,	45000,	'manual',	NULL,	NULL,	'pending',	NULL,	NULL,	NULL),
(369,	'2025-03-18 17:25:28.552416',	909,	6,	45000,	'manual',	NULL,	NULL,	'pending',	NULL,	NULL,	NULL),
(370,	'2025-03-18 17:25:28.552416',	909,	19,	50000,	'manual',	NULL,	NULL,	'pending',	NULL,	NULL,	NULL),
(371,	'2025-03-18 17:25:28.552416',	909,	16,	50000,	'manual',	NULL,	NULL,	'pending',	NULL,	NULL,	NULL),
(372,	'2025-03-18 17:25:28.552416',	719,	15,	20000,	'manual',	NULL,	NULL,	'pending',	NULL,	NULL,	NULL),
(373,	'2025-03-18 17:25:28.552416',	719,	16,	50000,	'manual',	NULL,	NULL,	'pending',	NULL,	NULL,	NULL),
(374,	'2025-03-18 17:25:28.552416',	719,	18,	30000,	'manual',	NULL,	NULL,	'pending',	NULL,	NULL,	NULL),
(375,	'2025-03-18 17:25:28.552416',	807,	1,	45000,	'manual',	NULL,	NULL,	'pending',	NULL,	NULL,	NULL),
(376,	'2025-03-18 17:25:28.552416',	807,	2,	45000,	'manual',	NULL,	NULL,	'pending',	NULL,	NULL,	NULL),
(377,	'2025-03-18 17:25:28.552416',	807,	3,	45000,	'manual',	NULL,	NULL,	'pending',	NULL,	NULL,	NULL),
(378,	'2025-03-18 17:25:28.552416',	807,	23,	5000,	'manual',	NULL,	NULL,	'pending',	NULL,	NULL,	NULL),
(379,	'2025-03-18 17:25:28.552416',	713,	1,	45000,	'manual',	NULL,	NULL,	'pending',	NULL,	NULL,	NULL),
(380,	'2025-03-18 17:25:28.552416',	713,	2,	45000,	'manual',	NULL,	NULL,	'pending',	NULL,	NULL,	NULL),
(381,	'2025-03-18 17:25:28.552416',	903,	14,	50000,	'manual',	NULL,	NULL,	'pending',	NULL,	NULL,	NULL),
(382,	'2025-03-18 17:25:28.552416',	903,	17,	100000,	'manual',	NULL,	NULL,	'pending',	NULL,	NULL,	NULL),
(383,	'2025-03-18 17:25:28.552416',	903,	19,	50000,	'manual',	NULL,	NULL,	'pending',	NULL,	NULL,	NULL),
(384,	'2025-03-18 17:25:28.552416',	913,	13,	50000,	'manual',	NULL,	NULL,	'pending',	NULL,	NULL,	NULL),
(385,	'2025-03-18 17:25:28.552416',	913,	14,	50000,	'manual',	NULL,	NULL,	'pending',	NULL,	NULL,	NULL),
(386,	'2025-03-18 17:25:28.552416',	913,	17,	100000,	'manual',	NULL,	NULL,	'pending',	NULL,	NULL,	NULL),
(387,	'2025-03-18 17:25:28.552416',	913,	19,	50000,	'manual',	NULL,	NULL,	'pending',	NULL,	NULL,	NULL),
(388,	'2025-03-18 17:25:28.552416',	913,	1,	45000,	'manual',	NULL,	NULL,	'pending',	NULL,	NULL,	NULL),
(389,	'2025-03-18 17:25:28.552416',	913,	2,	45000,	'manual',	NULL,	NULL,	'pending',	NULL,	NULL,	NULL),
(390,	'2025-03-18 17:25:28.552416',	913,	3,	45000,	'manual',	NULL,	NULL,	'pending',	NULL,	NULL,	NULL),
(391,	'2025-03-18 17:25:28.552416',	913,	4,	45000,	'manual',	NULL,	NULL,	'pending',	NULL,	NULL,	NULL),
(392,	'2025-03-18 17:25:28.552416',	720,	14,	26000,	'manual',	NULL,	NULL,	'pending',	NULL,	NULL,	NULL),
(393,	'2025-03-18 17:25:28.552416',	714,	17,	85000,	'manual',	NULL,	NULL,	'pending',	NULL,	NULL,	NULL),
(394,	'2025-03-18 17:25:28.552416',	714,	19,	50000,	'manual',	NULL,	NULL,	'pending',	NULL,	NULL,	NULL),
(395,	'2025-03-18 17:25:28.552416',	714,	22,	40000,	'manual',	NULL,	NULL,	'pending',	NULL,	NULL,	NULL),
(396,	'2025-03-18 17:25:28.552416',	714,	21,	3000,	'manual',	NULL,	NULL,	'pending',	NULL,	NULL,	NULL),
(397,	'2025-03-18 17:25:28.552416',	711,	14,	50000,	'manual',	NULL,	NULL,	'pending',	NULL,	NULL,	NULL),
(398,	'2025-03-18 17:25:28.552416',	711,	22,	40000,	'manual',	NULL,	NULL,	'pending',	NULL,	NULL,	NULL),
(399,	'2025-03-18 17:25:28.552416',	711,	17,	14500,	'manual',	NULL,	NULL,	'pending',	NULL,	NULL,	NULL),
(400,	'2025-03-18 17:25:28.552416',	805,	23,	200000,	'manual',	NULL,	NULL,	'pending',	NULL,	NULL,	NULL),
(401,	'2025-03-18 17:25:28.552416',	805,	1,	45000,	'manual',	NULL,	NULL,	'pending',	NULL,	NULL,	NULL),
(402,	'2025-03-18 17:25:28.552416',	805,	2,	45000,	'manual',	NULL,	NULL,	'pending',	NULL,	NULL,	NULL),
(403,	'2025-03-18 17:25:28.552416',	805,	3,	45000,	'manual',	NULL,	NULL,	'pending',	NULL,	NULL,	NULL),
(404,	'2025-03-18 17:25:28.552416',	805,	4,	45000,	'manual',	NULL,	NULL,	'pending',	NULL,	NULL,	NULL),
(405,	'2025-03-18 17:25:28.552416',	805,	5,	45000,	'manual',	NULL,	NULL,	'pending',	NULL,	NULL,	NULL),
(406,	'2025-03-18 17:25:28.552416',	805,	6,	45000,	'manual',	NULL,	NULL,	'pending',	NULL,	NULL,	NULL),
(407,	'2025-03-18 17:25:28.552416',	805,	14,	50000,	'manual',	NULL,	NULL,	'pending',	NULL,	NULL,	NULL),
(408,	'2025-03-18 17:25:28.552416',	805,	19,	50000,	'manual',	NULL,	NULL,	'pending',	NULL,	NULL,	NULL),
(409,	'2025-03-18 17:25:28.552416',	805,	17,	30000,	'manual',	NULL,	NULL,	'pending',	NULL,	NULL,	NULL),
(410,	'2025-03-18 17:25:28.552416',	701,	7,	45000,	'manual',	NULL,	NULL,	'pending',	NULL,	NULL,	NULL),
(411,	'2025-03-18 17:25:28.552416',	701,	8,	45000,	'manual',	NULL,	NULL,	'pending',	NULL,	NULL,	NULL),
(412,	'2025-03-18 17:25:28.552416',	701,	9,	45000,	'manual',	NULL,	NULL,	'pending',	NULL,	NULL,	NULL),
(413,	'2025-03-18 17:25:28.552416',	701,	22,	40000,	'manual',	NULL,	NULL,	'pending',	NULL,	NULL,	NULL),
(414,	'2025-03-18 17:25:28.552416',	701,	18,	25000,	'manual',	NULL,	NULL,	'pending',	NULL,	NULL,	NULL),
(415,	'2025-03-18 17:25:28.552416',	812,	23,	172000,	'manual',	NULL,	NULL,	'pending',	NULL,	NULL,	NULL),
(416,	'2025-03-18 17:25:28.552416',	808,	23,	156000,	'manual',	NULL,	NULL,	'pending',	NULL,	NULL,	NULL),
(417,	'2025-03-18 17:25:28.552416',	714,	21,	77000,	'manual',	NULL,	NULL,	'pending',	NULL,	NULL,	NULL),
(418,	'2025-03-18 17:25:28.552416',	714,	4,	45000,	'manual',	NULL,	NULL,	'pending',	NULL,	NULL,	NULL),
(419,	'2025-03-18 17:25:28.552416',	714,	5,	45000,	'manual',	NULL,	NULL,	'pending',	NULL,	NULL,	NULL),
(420,	'2025-03-18 17:25:28.552416',	714,	18,	33000,	'manual',	NULL,	NULL,	'pending',	NULL,	NULL,	NULL),
(421,	'2025-03-18 17:25:28.552416',	710,	4,	45000,	'manual',	NULL,	NULL,	'pending',	NULL,	NULL,	NULL),
(422,	'2025-03-18 17:25:28.552416',	710,	5,	45000,	'manual',	NULL,	NULL,	'pending',	NULL,	NULL,	NULL),
(423,	'2025-03-18 17:25:28.552416',	710,	6,	45000,	'manual',	NULL,	NULL,	'pending',	NULL,	NULL,	NULL),
(424,	'2025-03-18 17:25:28.552416',	710,	21,	80000,	'manual',	NULL,	NULL,	'pending',	NULL,	NULL,	NULL),
(425,	'2025-03-18 17:25:28.552416',	710,	22,	40000,	'manual',	NULL,	NULL,	'pending',	NULL,	NULL,	NULL),
(426,	'2025-03-18 17:25:28.552416',	710,	17,	45000,	'manual',	NULL,	NULL,	'pending',	NULL,	NULL,	NULL),
(427,	'2025-03-18 17:25:28.552416',	715,	22,	40000,	'manual',	NULL,	NULL,	'pending',	NULL,	NULL,	NULL),
(428,	'2025-03-18 17:25:28.552416',	715,	18,	100000,	'manual',	NULL,	NULL,	'pending',	NULL,	NULL,	NULL),
(429,	'2025-03-18 17:25:28.552416',	908,	13,	50000,	'manual',	NULL,	NULL,	'pending',	NULL,	NULL,	NULL),
(430,	'2025-03-18 17:25:28.552416',	908,	17,	44000,	'manual',	NULL,	NULL,	'pending',	NULL,	NULL,	NULL),
(431,	'2025-03-18 17:25:28.552416',	716,	1,	45000,	'manual',	NULL,	NULL,	'pending',	NULL,	NULL,	NULL),
(432,	'2025-03-18 17:25:28.552416',	716,	2,	45000,	'manual',	NULL,	NULL,	'pending',	NULL,	NULL,	NULL),
(433,	'2025-03-18 17:25:28.552416',	716,	3,	45000,	'manual',	NULL,	NULL,	'pending',	NULL,	NULL,	NULL),
(434,	'2025-03-18 17:25:28.552416',	716,	14,	50000,	'manual',	NULL,	NULL,	'pending',	NULL,	NULL,	NULL),
(435,	'2025-03-18 17:25:28.552416',	716,	17,	25000,	'manual',	NULL,	NULL,	'pending',	NULL,	NULL,	NULL),
(436,	'2025-03-18 17:25:28.552416',	719,	18,	70000,	'manual',	NULL,	NULL,	'pending',	NULL,	NULL,	NULL),
(437,	'2025-03-18 17:25:28.552416',	719,	20,	50000,	'manual',	NULL,	NULL,	'pending',	NULL,	NULL,	NULL),
(438,	'2025-03-18 17:25:28.552416',	719,	13,	50000,	'manual',	NULL,	NULL,	'pending',	NULL,	NULL,	NULL),
(439,	'2025-03-18 17:25:28.552416',	719,	14,	50000,	'manual',	NULL,	NULL,	'pending',	NULL,	NULL,	NULL),
(440,	'2025-03-18 17:25:28.552416',	719,	19,	50000,	'manual',	NULL,	NULL,	'pending',	NULL,	NULL,	NULL),
(441,	'2025-03-18 17:25:28.552416',	719,	17,	40000,	'manual',	NULL,	NULL,	'pending',	NULL,	NULL,	NULL),
(442,	'2025-03-18 17:25:28.552416',	707,	1,	45000,	'manual',	NULL,	NULL,	'pending',	NULL,	NULL,	NULL),
(443,	'2025-03-18 17:25:28.552416',	707,	2,	45000,	'manual',	NULL,	NULL,	'pending',	NULL,	NULL,	NULL),
(444,	'2025-03-18 17:25:28.552416',	707,	3,	45000,	'manual',	NULL,	NULL,	'pending',	NULL,	NULL,	NULL),
(445,	'2025-03-18 17:25:28.552416',	707,	17,	100000,	'manual',	NULL,	NULL,	'pending',	NULL,	NULL,	NULL),
(446,	'2025-03-18 17:25:28.552416',	707,	21,	25000,	'manual',	NULL,	NULL,	'pending',	NULL,	NULL,	NULL),
(447,	'2025-03-18 17:25:28.552416',	707,	14,	50000,	'manual',	NULL,	NULL,	'pending',	NULL,	NULL,	NULL),
(448,	'2025-03-18 17:25:28.552416',	817,	3,	45000,	'manual',	NULL,	NULL,	'pending',	NULL,	NULL,	NULL),
(449,	'2025-03-18 17:25:28.552416',	817,	4,	45000,	'manual',	NULL,	NULL,	'pending',	NULL,	NULL,	NULL),
(450,	'2025-03-18 17:25:28.552416',	817,	15,	8000,	'manual',	NULL,	NULL,	'pending',	NULL,	NULL,	NULL),
(451,	'2025-03-18 17:25:28.552416',	817,	17,	2000,	'manual',	NULL,	NULL,	'pending',	NULL,	NULL,	NULL),
(452,	'2025-03-18 17:25:28.552416',	817,	23,	200000,	'manual',	NULL,	NULL,	'pending',	NULL,	NULL,	NULL),
(453,	'2025-03-18 17:25:28.552416',	817,	19,	50000,	'manual',	NULL,	NULL,	'pending',	NULL,	NULL,	NULL),
(454,	'2025-03-18 17:25:28.552416',	712,	1,	45000,	'manual',	NULL,	NULL,	'pending',	NULL,	NULL,	NULL),
(455,	'2025-03-18 17:25:28.552416',	712,	2,	45000,	'manual',	NULL,	NULL,	'pending',	NULL,	NULL,	NULL),
(456,	'2025-03-18 17:25:28.552416',	712,	3,	45000,	'manual',	NULL,	NULL,	'pending',	NULL,	NULL,	NULL),
(457,	'2025-03-18 17:25:28.552416',	712,	14,	25000,	'manual',	NULL,	NULL,	'pending',	NULL,	NULL,	NULL),
(458,	'2025-03-18 17:25:28.552416',	708,	1,	45000,	'manual',	NULL,	NULL,	'pending',	NULL,	NULL,	NULL),
(459,	'2025-03-18 17:25:28.552416',	708,	2,	45000,	'manual',	NULL,	NULL,	'pending',	NULL,	NULL,	NULL),
(460,	'2025-03-18 17:25:28.552416',	708,	3,	45000,	'manual',	NULL,	NULL,	'pending',	NULL,	NULL,	NULL),
(461,	'2025-03-18 17:25:28.552416',	708,	14,	50000,	'manual',	NULL,	NULL,	'pending',	NULL,	NULL,	NULL),
(462,	'2025-03-18 17:25:28.552416',	708,	17,	15000,	'manual',	NULL,	NULL,	'pending',	NULL,	NULL,	NULL),
(463,	'2025-03-18 17:25:28.552416',	713,	3,	45000,	'manual',	NULL,	NULL,	'pending',	NULL,	NULL,	NULL),
(464,	'2025-03-18 17:25:28.552416',	713,	4,	45000,	'manual',	NULL,	NULL,	'pending',	NULL,	NULL,	NULL),
(465,	'2025-03-18 17:25:28.552416',	713,	5,	45000,	'manual',	NULL,	NULL,	'pending',	NULL,	NULL,	NULL),
(466,	'2025-03-18 17:25:28.552416',	713,	6,	45000,	'manual',	NULL,	NULL,	'pending',	NULL,	NULL,	NULL),
(467,	'2025-03-18 17:25:28.552416',	713,	17,	80000,	'manual',	NULL,	NULL,	'pending',	NULL,	NULL,	NULL),
(468,	'2025-03-18 17:25:28.552416',	713,	19,	50000,	'manual',	NULL,	NULL,	'pending',	NULL,	NULL,	NULL),
(469,	'2025-03-18 17:25:28.552416',	722,	17,	100000,	'manual',	NULL,	NULL,	'pending',	NULL,	NULL,	NULL),
(470,	'2025-03-18 17:25:28.552416',	722,	19,	50000,	'manual',	NULL,	NULL,	'pending',	NULL,	NULL,	NULL),
(471,	'2025-03-18 17:25:28.552416',	722,	7,	45000,	'manual',	NULL,	NULL,	'pending',	NULL,	NULL,	NULL),
(472,	'2025-03-18 17:25:28.552416',	722,	18,	15000,	'manual',	NULL,	NULL,	'pending',	NULL,	NULL,	NULL),
(473,	'2025-03-18 17:25:28.552416',	818,	18,	90000,	'manual',	NULL,	NULL,	'pending',	NULL,	NULL,	NULL),
(474,	'2025-03-18 17:25:28.552416',	818,	20,	50000,	'manual',	NULL,	NULL,	'pending',	NULL,	NULL,	NULL),
(475,	'2025-03-18 17:25:28.552416',	818,	23,	200000,	'manual',	NULL,	NULL,	'pending',	NULL,	NULL,	NULL),
(476,	'2025-03-18 17:25:28.552416',	818,	16,	20000,	'manual',	NULL,	NULL,	'pending',	NULL,	NULL,	NULL),
(477,	'2025-03-18 17:25:28.552416',	818,	7,	45000,	'manual',	NULL,	NULL,	'pending',	NULL,	NULL,	NULL),
(478,	'2025-03-18 17:25:28.552416',	818,	8,	45000,	'manual',	NULL,	NULL,	'pending',	NULL,	NULL,	NULL),
(479,	'2025-03-18 17:25:28.552416',	704,	4,	45000,	'manual',	NULL,	NULL,	'pending',	NULL,	NULL,	NULL),
(480,	'2025-03-18 17:25:28.552416',	704,	5,	45000,	'manual',	NULL,	NULL,	'pending',	NULL,	NULL,	NULL),
(481,	'2025-03-18 17:25:28.552416',	704,	6,	45000,	'manual',	NULL,	NULL,	'pending',	NULL,	NULL,	NULL),
(482,	'2025-03-18 17:25:28.552416',	704,	17,	35000,	'manual',	NULL,	NULL,	'pending',	NULL,	NULL,	NULL),
(483,	'2025-03-18 17:25:28.552416',	704,	22,	40000,	'manual',	NULL,	NULL,	'pending',	NULL,	NULL,	NULL),
(484,	'2025-03-18 17:25:28.552416',	711,	1,	45000,	'manual',	NULL,	NULL,	'pending',	NULL,	NULL,	NULL),
(485,	'2025-03-18 17:25:28.552416',	711,	2,	45000,	'manual',	NULL,	NULL,	'pending',	NULL,	NULL,	NULL),
(486,	'2025-03-18 17:25:28.552416',	711,	3,	45000,	'manual',	NULL,	NULL,	'pending',	NULL,	NULL,	NULL),
(487,	'2025-03-18 17:25:28.552416',	711,	17,	85500,	'manual',	NULL,	NULL,	'pending',	NULL,	NULL,	NULL),
(488,	'2025-03-18 17:25:28.552416',	711,	21,	80000,	'manual',	NULL,	NULL,	'pending',	NULL,	NULL,	NULL),
(489,	'2025-03-18 17:25:28.552416',	711,	19,	14500,	'manual',	NULL,	NULL,	'pending',	NULL,	NULL,	NULL),
(490,	'2025-03-18 17:25:28.552416',	720,	14,	24000,	'manual',	NULL,	NULL,	'pending',	NULL,	NULL,	NULL),
(491,	'2025-03-18 17:25:28.552416',	720,	17,	100000,	'manual',	NULL,	NULL,	'pending',	NULL,	NULL,	NULL),
(492,	'2025-03-18 17:25:28.552416',	720,	19,	50000,	'manual',	NULL,	NULL,	'pending',	NULL,	NULL,	NULL),
(493,	'2025-03-18 17:25:28.552416',	720,	21,	80000,	'manual',	NULL,	NULL,	'pending',	NULL,	NULL,	NULL),
(494,	'2025-03-18 17:25:28.552416',	720,	22,	40000,	'manual',	NULL,	NULL,	'pending',	NULL,	NULL,	NULL),
(495,	'2025-03-18 17:25:28.552416',	720,	18,	21000,	'manual',	NULL,	NULL,	'pending',	NULL,	NULL,	NULL),
(496,	'2025-03-18 17:25:28.552416',	903,	16,	50000,	'manual',	NULL,	NULL,	'pending',	NULL,	NULL,	NULL),
(497,	'2025-03-18 17:25:28.552416',	719,	1,	45000,	'manual',	NULL,	NULL,	'pending',	NULL,	NULL,	NULL),
(498,	'2025-03-18 17:25:28.552416',	719,	2,	45000,	'manual',	NULL,	NULL,	'pending',	NULL,	NULL,	NULL),
(499,	'2025-03-18 17:25:28.552416',	719,	3,	45000,	'manual',	NULL,	NULL,	'pending',	NULL,	NULL,	NULL),
(500,	'2025-03-18 17:25:28.552416',	719,	4,	45000,	'manual',	NULL,	NULL,	'pending',	NULL,	NULL,	NULL),
(501,	'2025-03-18 17:25:28.552416',	719,	5,	45000,	'manual',	NULL,	NULL,	'pending',	NULL,	NULL,	NULL),
(502,	'2025-03-18 17:25:28.552416',	719,	6,	45000,	'manual',	NULL,	NULL,	'pending',	NULL,	NULL,	NULL),
(503,	'2025-03-18 17:25:28.552416',	813,	1,	45000,	'manual',	NULL,	NULL,	'pending',	NULL,	NULL,	NULL),
(504,	'2025-03-18 17:25:28.552416',	813,	2,	45000,	'manual',	NULL,	NULL,	'pending',	NULL,	NULL,	NULL),
(505,	'2025-03-18 17:25:28.552416',	813,	3,	45000,	'manual',	NULL,	NULL,	'pending',	NULL,	NULL,	NULL),
(506,	'2025-03-18 17:25:28.552416',	813,	4,	45000,	'manual',	NULL,	NULL,	'pending',	NULL,	NULL,	NULL),
(507,	'2025-03-18 17:25:28.552416',	813,	5,	45000,	'manual',	NULL,	NULL,	'pending',	NULL,	NULL,	NULL),
(508,	'2025-03-18 17:25:28.552416',	813,	6,	45000,	'manual',	NULL,	NULL,	'pending',	NULL,	NULL,	NULL),
(509,	'2025-03-18 17:25:28.552416',	903,	7,	45000,	'manual',	NULL,	NULL,	'pending',	NULL,	NULL,	NULL),
(510,	'2025-03-18 17:25:28.552416',	903,	8,	45000,	'manual',	NULL,	NULL,	'pending',	NULL,	NULL,	NULL),
(511,	'2025-03-18 17:25:28.552416',	903,	9,	45000,	'manual',	NULL,	NULL,	'pending',	NULL,	NULL,	NULL),
(512,	'2025-03-18 17:25:28.552416',	903,	10,	45000,	'manual',	NULL,	NULL,	'pending',	NULL,	NULL,	NULL),
(513,	'2025-03-18 17:25:28.552416',	903,	11,	45000,	'manual',	NULL,	NULL,	'pending',	NULL,	NULL,	NULL),
(514,	'2025-03-18 17:25:28.552416',	903,	12,	45000,	'manual',	NULL,	NULL,	'pending',	NULL,	NULL,	NULL),
(515,	'2025-03-18 17:25:28.552416',	803,	15,	50000,	'manual',	NULL,	NULL,	'pending',	NULL,	NULL,	NULL),
(516,	'2025-03-18 17:25:28.552416',	819,	23,	80000,	'manual',	NULL,	NULL,	'pending',	NULL,	NULL,	NULL),
(517,	'2025-03-18 17:25:28.552416',	819,	19,	20000,	'manual',	NULL,	NULL,	'pending',	NULL,	NULL,	NULL),
(518,	'2025-03-18 17:25:28.552416',	818,	9,	45000,	'manual',	NULL,	NULL,	'pending',	NULL,	NULL,	NULL),
(519,	'2025-03-18 17:25:28.552416',	818,	10,	45000,	'manual',	NULL,	NULL,	'pending',	NULL,	NULL,	NULL),
(520,	'2025-03-18 17:25:28.552416',	818,	16,	10000,	'manual',	NULL,	NULL,	'pending',	NULL,	NULL,	NULL),
(521,	'2025-03-18 17:25:28.552416',	914,	14,	45000,	'manual',	NULL,	NULL,	'pending',	NULL,	NULL,	NULL),
(522,	'2025-03-18 17:25:28.552416',	914,	2,	45000,	'manual',	NULL,	NULL,	'pending',	NULL,	NULL,	NULL),
(523,	'2025-03-18 17:25:28.552416',	914,	3,	45000,	'manual',	NULL,	NULL,	'pending',	NULL,	NULL,	NULL),
(524,	'2025-03-18 17:25:28.552416',	914,	4,	45000,	'manual',	NULL,	NULL,	'pending',	NULL,	NULL,	NULL),
(525,	'2025-03-18 17:25:28.552416',	914,	17,	20000,	'manual',	NULL,	NULL,	'pending',	NULL,	NULL,	NULL),
(526,	'2025-03-18 17:25:28.552416',	916,	1,	45000,	'manual',	NULL,	NULL,	'pending',	NULL,	NULL,	NULL),
(527,	'2025-03-18 17:25:28.552416',	916,	2,	45000,	'manual',	NULL,	NULL,	'pending',	NULL,	NULL,	NULL),
(528,	'2025-03-18 17:25:28.552416',	916,	17,	10000,	'manual',	NULL,	NULL,	'pending',	NULL,	NULL,	NULL),
(529,	'2025-03-18 17:25:28.552416',	909,	18,	100000,	'manual',	NULL,	NULL,	'pending',	NULL,	NULL,	NULL),
(530,	'2025-03-18 17:25:28.552416',	909,	7,	45000,	'manual',	NULL,	NULL,	'pending',	NULL,	NULL,	NULL),
(531,	'2025-03-18 17:25:28.552416',	909,	20,	5000,	'manual',	NULL,	NULL,	'pending',	NULL,	NULL,	NULL),
(532,	'2025-03-18 17:25:28.552416',	703,	1,	45000,	'manual',	NULL,	NULL,	'pending',	NULL,	NULL,	NULL),
(533,	'2025-03-18 17:25:28.552416',	703,	2,	45000,	'manual',	NULL,	NULL,	'pending',	NULL,	NULL,	NULL),
(534,	'2025-03-18 17:25:28.552416',	703,	14,	10000,	'manual',	NULL,	NULL,	'pending',	NULL,	NULL,	NULL),
(535,	'2025-03-18 17:25:28.552416',	916,	3,	45000,	'manual',	NULL,	NULL,	'pending',	NULL,	NULL,	NULL),
(536,	'2025-03-18 17:25:28.552416',	916,	4,	45000,	'manual',	NULL,	NULL,	'pending',	NULL,	NULL,	NULL),
(537,	'2025-03-18 17:25:28.552416',	916,	17,	90000,	'manual',	NULL,	NULL,	'pending',	NULL,	NULL,	NULL),
(538,	'2025-03-18 17:25:28.552416',	916,	16,	20000,	'manual',	NULL,	NULL,	'pending',	NULL,	NULL,	NULL),
(539,	'2025-03-18 17:25:28.552416',	826,	1,	45000,	'manual',	NULL,	NULL,	'pending',	NULL,	NULL,	NULL),
(540,	'2025-03-18 17:25:28.552416',	826,	2,	45000,	'manual',	NULL,	NULL,	'pending',	NULL,	NULL,	NULL),
(541,	'2025-03-18 17:25:28.552416',	826,	3,	45000,	'manual',	NULL,	NULL,	'pending',	NULL,	NULL,	NULL),
(542,	'2025-03-18 17:25:28.552416',	826,	4,	45000,	'manual',	NULL,	NULL,	'pending',	NULL,	NULL,	NULL),
(543,	'2025-03-18 17:25:28.552416',	826,	5,	45000,	'manual',	NULL,	NULL,	'pending',	NULL,	NULL,	NULL),
(544,	'2025-03-18 17:25:28.552416',	826,	6,	45000,	'manual',	NULL,	NULL,	'pending',	NULL,	NULL,	NULL),
(545,	'2025-03-18 17:25:28.552416',	826,	13,	50000,	'manual',	NULL,	NULL,	'pending',	NULL,	NULL,	NULL),
(546,	'2025-03-18 17:25:28.552416',	826,	14,	50000,	'manual',	NULL,	NULL,	'pending',	NULL,	NULL,	NULL),
(547,	'2025-03-18 17:25:28.552416',	826,	17,	100000,	'manual',	NULL,	NULL,	'pending',	NULL,	NULL,	NULL),
(548,	'2025-03-18 17:25:28.552416',	826,	19,	50000,	'manual',	NULL,	NULL,	'pending',	NULL,	NULL,	NULL),
(549,	'2025-03-18 17:25:28.552416',	826,	23,	200000,	'manual',	NULL,	NULL,	'pending',	NULL,	NULL,	NULL),
(550,	'2025-03-18 17:25:28.552416',	827,	1,	45000,	'manual',	NULL,	NULL,	'pending',	NULL,	NULL,	NULL),
(551,	'2025-03-18 17:25:28.552416',	827,	2,	45000,	'manual',	NULL,	NULL,	'pending',	NULL,	NULL,	NULL),
(552,	'2025-03-18 17:25:28.552416',	827,	3,	45000,	'manual',	NULL,	NULL,	'pending',	NULL,	NULL,	NULL),
(553,	'2025-03-18 17:25:28.552416',	827,	4,	45000,	'manual',	NULL,	NULL,	'pending',	NULL,	NULL,	NULL),
(554,	'2025-03-18 17:25:28.552416',	827,	5,	45000,	'manual',	NULL,	NULL,	'pending',	NULL,	NULL,	NULL),
(555,	'2025-03-18 17:25:28.552416',	827,	6,	45000,	'manual',	NULL,	NULL,	'pending',	NULL,	NULL,	NULL),
(556,	'2025-03-18 17:25:28.552416',	827,	13,	50000,	'manual',	NULL,	NULL,	'pending',	NULL,	NULL,	NULL),
(557,	'2025-03-18 17:25:28.552416',	827,	14,	50000,	'manual',	NULL,	NULL,	'pending',	NULL,	NULL,	NULL),
(558,	'2025-03-18 17:25:28.552416',	827,	17,	100000,	'manual',	NULL,	NULL,	'pending',	NULL,	NULL,	NULL),
(559,	'2025-03-18 17:25:28.552416',	827,	19,	50000,	'manual',	NULL,	NULL,	'pending',	NULL,	NULL,	NULL),
(560,	'2025-03-18 17:25:28.552416',	827,	23,	200000,	'manual',	NULL,	NULL,	'pending',	NULL,	NULL,	NULL),
(561,	'2025-03-18 17:25:28.552416',	826,	7,	45000,	'manual',	NULL,	NULL,	'pending',	NULL,	NULL,	NULL),
(562,	'2025-03-18 17:25:28.552416',	826,	8,	45000,	'manual',	NULL,	NULL,	'pending',	NULL,	NULL,	NULL),
(563,	'2025-03-18 17:25:28.552416',	826,	9,	45000,	'manual',	NULL,	NULL,	'pending',	NULL,	NULL,	NULL),
(564,	'2025-03-18 17:25:28.552416',	826,	10,	45000,	'manual',	NULL,	NULL,	'pending',	NULL,	NULL,	NULL),
(565,	'2025-03-18 17:25:28.552416',	826,	11,	45000,	'manual',	NULL,	NULL,	'pending',	NULL,	NULL,	NULL),
(566,	'2025-03-18 17:25:28.552416',	826,	12,	45000,	'manual',	NULL,	NULL,	'pending',	NULL,	NULL,	NULL),
(567,	'2025-03-18 17:25:28.552416',	713,	7,	45000,	'manual',	NULL,	NULL,	'pending',	NULL,	NULL,	NULL),
(568,	'2025-03-18 17:25:28.552416',	713,	8,	45000,	'manual',	NULL,	NULL,	'pending',	NULL,	NULL,	NULL),
(569,	'2025-03-18 17:25:28.552416',	713,	15,	45000,	'manual',	NULL,	NULL,	'pending',	NULL,	NULL,	NULL),
(570,	'2025-03-18 17:25:28.552416',	916,	5,	45000,	'manual',	NULL,	NULL,	'pending',	NULL,	NULL,	NULL),
(571,	'2025-03-18 17:25:28.552416',	916,	6,	45000,	'manual',	NULL,	NULL,	'pending',	NULL,	NULL,	NULL),
(572,	'2025-03-18 17:25:28.552416',	916,	7,	45000,	'manual',	NULL,	NULL,	'pending',	NULL,	NULL,	NULL),
(573,	'2025-03-18 17:25:28.552416',	916,	19,	35000,	'manual',	NULL,	NULL,	'pending',	NULL,	NULL,	NULL),
(574,	'2025-03-18 17:25:28.552416',	916,	16,	30000,	'manual',	NULL,	NULL,	'pending',	NULL,	NULL,	NULL),
(575,	'2025-03-18 17:25:28.552416',	714,	15,	50000,	'manual',	NULL,	NULL,	'pending',	NULL,	NULL,	NULL),
(576,	'2025-03-18 17:25:28.552416',	714,	6,	45000,	'manual',	NULL,	NULL,	'pending',	NULL,	NULL,	NULL),
(577,	'2025-03-18 17:25:28.552416',	714,	7,	45000,	'manual',	NULL,	NULL,	'pending',	NULL,	NULL,	NULL),
(578,	'2025-03-18 17:25:28.552416',	714,	18,	10000,	'manual',	NULL,	NULL,	'pending',	NULL,	NULL,	NULL),
(579,	'2025-03-18 17:25:28.552416',	722,	8,	45000,	'manual',	NULL,	NULL,	'pending',	NULL,	NULL,	NULL),
(580,	'2025-03-18 17:25:28.552416',	809,	17,	100000,	'manual',	NULL,	NULL,	'pending',	NULL,	NULL,	NULL),
(581,	'2025-03-18 17:25:28.552416',	809,	19,	50000,	'manual',	NULL,	NULL,	'pending',	NULL,	NULL,	NULL),
(582,	'2025-03-18 17:25:28.552416',	809,	23,	180000,	'manual',	NULL,	NULL,	'pending',	NULL,	NULL,	NULL),
(583,	'2025-03-18 17:25:28.552416',	809,	6,	45000,	'manual',	NULL,	NULL,	'pending',	NULL,	NULL,	NULL),
(584,	'2025-03-18 17:25:28.552416',	809,	5,	45000,	'manual',	NULL,	NULL,	'pending',	NULL,	NULL,	NULL);

DROP TABLE IF EXISTS "pesanwa";
DROP SEQUENCE IF EXISTS pesanwa_id_seq;
CREATE SEQUENCE pesanwa_id_seq INCREMENT 1 MINVALUE 1 MAXVALUE 9223372036854775807 CACHE 1;

CREATE TABLE "public"."pesanwa" (
    "id" integer DEFAULT nextval('pesanwa_id_seq') NOT NULL,
    "jenis" character varying(50) NOT NULL,
    "pesan" text NOT NULL,
    "updated_at" timestamp DEFAULT now(),
    CONSTRAINT "pesanwa_jenis_key" UNIQUE ("jenis"),
    CONSTRAINT "pesanwa_pkey" PRIMARY KEY ("id")
) WITH (oids = false);


DROP TABLE IF EXISTS "siswa";
DROP SEQUENCE IF EXISTS users_id_seq;
CREATE SEQUENCE users_id_seq INCREMENT 1 MINVALUE 1 MAXVALUE 9223372036854775807 CACHE 1;

CREATE TABLE "public"."siswa" (
    "id" integer DEFAULT nextval('users_id_seq') NOT NULL,
    "name" character varying(100) NOT NULL,
    "registerdate" timestamp DEFAULT now(),
    "loginstatus" boolean DEFAULT false,
    "nis" integer NOT NULL,
    "phonenumber" character varying(15) NOT NULL,
    "gender" character varying(1) NOT NULL,
    "kelas" character varying(1) NOT NULL,
    CONSTRAINT "siswa_pkey" PRIMARY KEY ("nis")
) WITH (oids = false);

INSERT INTO "siswa" ("id", "name", "registerdate", "loginstatus", "nis", "phonenumber", "gender", "kelas") VALUES
(2,	'ALIYA QURROTUNNADA',	'2025-03-18 17:25:28.474934',	'f',	701,	'087234567701',	'P',	'7'),
(3,	'ARSHILLA NATASYA RIFKY',	'2025-03-18 17:25:28.474934',	'f',	702,	'087234567702',	'P',	'7'),
(4,	'BEKTI FIRMAN HAKIM',	'2025-03-18 17:25:28.474934',	'f',	703,	'087234567703',	'L',	'7'),
(5,	'DEA EINJELLIA',	'2025-03-18 17:25:28.474934',	'f',	704,	'087234567704',	'P',	'7'),
(6,	'ESA GALIH SATRIADI',	'2025-03-18 17:25:28.474934',	'f',	705,	'087234567705',	'L',	'7'),
(7,	'KEYZHA FITRI MAHARRANI',	'2025-03-18 17:25:28.474934',	'f',	706,	'087234567706',	'P',	'7'),
(8,	'KHOLIYAH NUR AISYAH',	'2025-03-18 17:25:28.474934',	'f',	707,	'087234567707',	'P',	'7'),
(9,	'LINDA WIDYANA ARUM',	'2025-03-18 17:25:28.474934',	'f',	708,	'087234567708',	'P',	'7'),
(10,	'LUKMAN HERYANA',	'2025-03-18 17:25:28.474934',	'f',	709,	'087234567709',	'L',	'7'),
(11,	'MULYANA',	'2025-03-18 17:25:28.474934',	'f',	710,	'087234567710',	'L',	'7'),
(12,	'MUTIARA NUR AZIZAH',	'2025-03-18 17:25:28.474934',	'f',	711,	'087234567711',	'P',	'7'),
(13,	'NUR AZIZAH',	'2025-03-18 17:25:28.474934',	'f',	712,	'087234567712',	'P',	'7'),
(14,	'NURCAHAYA SETIAWATI',	'2025-03-18 17:25:28.474934',	'f',	713,	'087234567713',	'P',	'7'),
(15,	'NURUL AZIZAH PRIHATIN',	'2025-03-18 17:25:28.474934',	'f',	714,	'087234567714',	'P',	'7'),
(16,	'RAFFI AHMAD FIRMANSYAH',	'2025-03-18 17:25:28.474934',	'f',	715,	'087234567715',	'L',	'7'),
(17,	'RAISA DEA ANGGRAENI',	'2025-03-18 17:25:28.474934',	'f',	716,	'087234567716',	'P',	'7'),
(18,	'RIFQI SIDIK MAULANA',	'2025-03-18 17:25:28.474934',	'f',	717,	'087234567717',	'L',	'7'),
(19,	'RIVDA MUKARROMAH',	'2025-03-18 17:25:28.474934',	'f',	719,	'087234567719',	'P',	'7'),
(20,	'RIZKI',	'2025-03-18 17:25:28.474934',	'f',	718,	'087234567718',	'L',	'7'),
(21,	'SAFIRA LAILATUL JANNAH',	'2025-03-18 17:25:28.474934',	'f',	720,	'087234567720',	'P',	'7'),
(22,	'SITI MAYSAROH',	'2025-03-18 17:25:28.474934',	'f',	721,	'087234567721',	'P',	'7'),
(23,	'SYARIF HIDAYAT',	'2025-03-18 17:25:28.474934',	'f',	722,	'087234567722',	'L',	'7'),
(24,	'WYLDAN ARIF PRAMONO',	'2025-03-18 17:25:28.474934',	'f',	723,	'087234567723',	'L',	'7'),
(25,	'ARINA FEBRIANA SULASTRI',	'2025-03-18 17:25:28.474934',	'f',	801,	'088234567801',	'P',	'8'),
(26,	'ARYA FENDI ANDIKA',	'2025-03-18 17:25:28.474934',	'f',	802,	'088234567802',	'L',	'8'),
(27,	'AZKA ZAENU RIFKI',	'2025-03-18 17:25:28.474934',	'f',	803,	'088234567803',	'L',	'8'),
(28,	'BILI BARA SAPUTRA',	'2025-03-18 17:25:28.474934',	'f',	804,	'088234567804',	'L',	'8'),
(29,	'CITRA AMELIA',	'2025-03-18 17:25:28.474934',	'f',	805,	'088234567805',	'P',	'8'),
(30,	'FAJAR ASHIDIK',	'2025-03-18 17:25:28.474934',	'f',	806,	'088234567806',	'L',	'8'),
(31,	'FAJRIATUS SOLEHAH',	'2025-03-18 17:25:28.474934',	'f',	807,	'088234567807',	'P',	'8'),
(32,	'FANREZA ANDIKA PUTRA',	'2025-03-18 17:25:28.474934',	'f',	808,	'088234567808',	'L',	'8'),
(33,	'FEBRI MAULANA',	'2025-03-18 17:25:28.474934',	'f',	809,	'088234567809',	'L',	'8'),
(34,	'FELLA MILKHATUN NAILA',	'2025-03-18 17:25:28.474934',	'f',	810,	'088234567810',	'P',	'8'),
(35,	'FITRI NUR AINI',	'2025-03-18 17:25:28.474934',	'f',	811,	'088234567811',	'P',	'8'),
(36,	'GISELL PUTRI SETIAWAN',	'2025-03-18 17:25:28.474934',	'f',	812,	'088234567812',	'P',	'8'),
(37,	'IRMA RIZQI FATMALA',	'2025-03-18 17:25:28.474934',	'f',	813,	'088234567813',	'P',	'8'),
(38,	'MELFI SYAHRIN AULIA',	'2025-03-18 17:25:28.474934',	'f',	814,	'088234567814',	'P',	'8'),
(39,	'MUHAMAD FADIL AL FAQIH',	'2025-03-18 17:25:28.474934',	'f',	815,	'088234567815',	'L',	'8'),
(40,	'MUTHI KHOIRIN NADA',	'2025-03-18 17:25:28.474934',	'f',	816,	'088234567816',	'P',	'8'),
(41,	'NUROHMAN',	'2025-03-18 17:25:28.474934',	'f',	817,	'088234567817',	'L',	'8'),
(42,	'RAFAEL SETIAWAN',	'2025-03-18 17:25:28.474934',	'f',	826,	'088234567826',	'L',	'8'),
(43,	'RASTY NUR AISYAH',	'2025-03-18 17:25:28.474934',	'f',	818,	'088234567818',	'P',	'8'),
(44,	'RESTY NUR AINI',	'2025-03-18 17:25:28.474934',	'f',	819,	'088234567819',	'P',	'8'),
(45,	'REVI AGUSTINA',	'2025-03-18 17:25:28.474934',	'f',	820,	'088234567820',	'P',	'8'),
(46,	'RIZKI RAMADHAN',	'2025-03-18 17:25:28.474934',	'f',	821,	'088234567821',	'L',	'8'),
(47,	'SILFI DWI AFIFAH',	'2025-03-18 17:25:28.474934',	'f',	822,	'088234567822',	'P',	'8'),
(48,	'WAHYU DIKA PRATAMA',	'2025-03-18 17:25:28.474934',	'f',	827,	'088234567827',	'L',	'8'),
(49,	'WAHYUNI ALVI KANIYA',	'2025-03-18 17:25:28.474934',	'f',	823,	'088234567823',	'P',	'8'),
(50,	'WULAN SRI HARYATI',	'2025-03-18 17:25:28.474934',	'f',	824,	'088234567824',	'P',	'8'),
(51,	'YENI OKTAVIA',	'2025-03-18 17:25:28.474934',	'f',	825,	'088234567825',	'P',	'8'),
(52,	'ABDUL AZIZ PRATAMA',	'2025-03-18 17:25:28.474934',	'f',	901,	'089234567901',	'L',	'9'),
(53,	'AIDA ROHMAWATI',	'2025-03-18 17:25:28.474934',	'f',	902,	'089234567902',	'P',	'9'),
(54,	'ALIF FADHIL MUZAKI',	'2025-03-18 17:25:28.474934',	'f',	903,	'089234567903',	'L',	'9'),
(55,	'ANDINI CAHYANINGSIH',	'2025-03-18 17:25:28.474934',	'f',	904,	'089234567904',	'P',	'9'),
(56,	'ANGGITA PUTRI AMELIA',	'2025-03-18 17:25:28.474934',	'f',	905,	'089234567905',	'P',	'9'),
(57,	'FALDI JUNIAR',	'2025-03-18 17:25:28.474934',	'f',	906,	'089234567906',	'L',	'9'),
(58,	'IBNU HAIZUL FADLI',	'2025-03-18 17:25:28.474934',	'f',	907,	'089234567907',	'L',	'9'),
(59,	'LUNA FATYA SABRINA',	'2025-03-18 17:25:28.474934',	'f',	908,	'089234567908',	'P',	'9'),
(60,	'MADIH ASSOFARI',	'2025-03-18 17:25:28.474934',	'f',	909,	'089234567909',	'L',	'9'),
(61,	'MUHAMAD SAUQIL HUDA',	'2025-03-18 17:25:28.474934',	'f',	910,	'089234567910',	'L',	'9'),
(62,	'MUHAMMAD DARSIMAN',	'2025-03-18 17:25:28.474934',	'f',	911,	'089234567911',	'L',	'9'),
(63,	'MUHAMMAD RENDRA H',	'2025-03-18 17:25:28.474934',	'f',	912,	'089234567912',	'L',	'9'),
(64,	'NUR DIANA',	'2025-03-18 17:25:28.474934',	'f',	913,	'089234567913',	'P',	'9'),
(65,	'QIYAN ARDIANSYAH',	'2025-03-18 17:25:28.474934',	'f',	914,	'089234567914',	'L',	'9'),
(66,	'WARID NUR HAMZAH',	'2025-03-18 17:25:28.474934',	'f',	915,	'089234567915',	'L',	'9'),
(67,	'WITA FITRIYANI',	'2025-03-18 17:25:28.474934',	'f',	916,	'089234567916',	'P',	'9');

DROP TABLE IF EXISTS "users";
DROP SEQUENCE IF EXISTS users_id_seq;
CREATE SEQUENCE users_id_seq INCREMENT 1 MINVALUE 1 MAXVALUE 9223372036854775807 CACHE 1;

CREATE TABLE "public"."users" (
    "id" integer DEFAULT nextval('users_id_seq') NOT NULL,
    "name" character varying(100) NOT NULL,
    "registerdate" timestamp DEFAULT now(),
    "loginstatus" boolean DEFAULT false,
    CONSTRAINT "users_name_key" UNIQUE ("name"),
    CONSTRAINT "users_pkey" PRIMARY KEY ("id")
) WITH (oids = false);

INSERT INTO "users" ("id", "name", "registerdate", "loginstatus") VALUES
(1,	'Arvin Noer Hakim',	'2025-03-18 17:25:28.46148',	'f'),
(2,	'ALIYA QURROTUNNADA',	'2025-03-18 17:25:28.474934',	'f'),
(3,	'ARSHILLA NATASYA RIFKY',	'2025-03-18 17:25:28.474934',	'f'),
(4,	'BEKTI FIRMAN HAKIM',	'2025-03-18 17:25:28.474934',	'f'),
(5,	'DEA EINJELLIA',	'2025-03-18 17:25:28.474934',	'f'),
(6,	'ESA GALIH SATRIADI',	'2025-03-18 17:25:28.474934',	'f'),
(7,	'KEYZHA FITRI MAHARRANI',	'2025-03-18 17:25:28.474934',	'f'),
(8,	'KHOLIYAH NUR AISYAH',	'2025-03-18 17:25:28.474934',	'f'),
(9,	'LINDA WIDYANA ARUM',	'2025-03-18 17:25:28.474934',	'f'),
(10,	'LUKMAN HERYANA',	'2025-03-18 17:25:28.474934',	'f'),
(11,	'MULYANA',	'2025-03-18 17:25:28.474934',	'f'),
(12,	'MUTIARA NUR AZIZAH',	'2025-03-18 17:25:28.474934',	'f'),
(13,	'NUR AZIZAH',	'2025-03-18 17:25:28.474934',	'f'),
(14,	'NURCAHAYA SETIAWATI',	'2025-03-18 17:25:28.474934',	'f'),
(15,	'NURUL AZIZAH PRIHATIN',	'2025-03-18 17:25:28.474934',	'f'),
(16,	'RAFFI AHMAD FIRMANSYAH',	'2025-03-18 17:25:28.474934',	'f'),
(17,	'RAISA DEA ANGGRAENI',	'2025-03-18 17:25:28.474934',	'f'),
(18,	'RIFQI SIDIK MAULANA',	'2025-03-18 17:25:28.474934',	'f'),
(19,	'RIVDA MUKARROMAH',	'2025-03-18 17:25:28.474934',	'f'),
(20,	'RIZKI',	'2025-03-18 17:25:28.474934',	'f'),
(21,	'SAFIRA LAILATUL JANNAH',	'2025-03-18 17:25:28.474934',	'f'),
(22,	'SITI MAYSAROH',	'2025-03-18 17:25:28.474934',	'f'),
(23,	'SYARIF HIDAYAT',	'2025-03-18 17:25:28.474934',	'f'),
(24,	'WYLDAN ARIF PRAMONO',	'2025-03-18 17:25:28.474934',	'f'),
(25,	'ARINA FEBRIANA SULASTRI',	'2025-03-18 17:25:28.474934',	'f'),
(26,	'ARYA FENDI ANDIKA',	'2025-03-18 17:25:28.474934',	'f'),
(27,	'AZKA ZAENU RIFKI',	'2025-03-18 17:25:28.474934',	'f'),
(28,	'BILI BARA SAPUTRA',	'2025-03-18 17:25:28.474934',	'f'),
(29,	'CITRA AMELIA',	'2025-03-18 17:25:28.474934',	'f'),
(30,	'FAJAR ASHIDIK',	'2025-03-18 17:25:28.474934',	'f'),
(31,	'FAJRIATUS SOLEHAH',	'2025-03-18 17:25:28.474934',	'f'),
(32,	'FANREZA ANDIKA PUTRA',	'2025-03-18 17:25:28.474934',	'f'),
(33,	'FEBRI MAULANA',	'2025-03-18 17:25:28.474934',	'f'),
(34,	'FELLA MILKHATUN NAILA',	'2025-03-18 17:25:28.474934',	'f'),
(35,	'FITRI NUR AINI',	'2025-03-18 17:25:28.474934',	'f'),
(36,	'GISELL PUTRI SETIAWAN',	'2025-03-18 17:25:28.474934',	'f'),
(37,	'IRMA RIZQI FATMALA',	'2025-03-18 17:25:28.474934',	'f'),
(38,	'MELFI SYAHRIN AULIA',	'2025-03-18 17:25:28.474934',	'f'),
(39,	'MUHAMAD FADIL AL FAQIH',	'2025-03-18 17:25:28.474934',	'f'),
(40,	'MUTHI KHOIRIN NADA',	'2025-03-18 17:25:28.474934',	'f'),
(41,	'NUROHMAN',	'2025-03-18 17:25:28.474934',	'f'),
(42,	'RAFAEL SETIAWAN',	'2025-03-18 17:25:28.474934',	'f'),
(43,	'RASTY NUR AISYAH',	'2025-03-18 17:25:28.474934',	'f'),
(44,	'RESTY NUR AINI',	'2025-03-18 17:25:28.474934',	'f'),
(45,	'REVI AGUSTINA',	'2025-03-18 17:25:28.474934',	'f'),
(46,	'RIZKI RAMADHAN',	'2025-03-18 17:25:28.474934',	'f'),
(47,	'SILFI DWI AFIFAH',	'2025-03-18 17:25:28.474934',	'f'),
(48,	'WAHYU DIKA PRATAMA',	'2025-03-18 17:25:28.474934',	'f'),
(49,	'WAHYUNI ALVI KANIYA',	'2025-03-18 17:25:28.474934',	'f'),
(50,	'WULAN SRI HARYATI',	'2025-03-18 17:25:28.474934',	'f'),
(51,	'YENI OKTAVIA',	'2025-03-18 17:25:28.474934',	'f'),
(52,	'ABDUL AZIZ PRATAMA',	'2025-03-18 17:25:28.474934',	'f'),
(53,	'AIDA ROHMAWATI',	'2025-03-18 17:25:28.474934',	'f'),
(54,	'ALIF FADHIL MUZAKI',	'2025-03-18 17:25:28.474934',	'f'),
(55,	'ANDINI CAHYANINGSIH',	'2025-03-18 17:25:28.474934',	'f'),
(56,	'ANGGITA PUTRI AMELIA',	'2025-03-18 17:25:28.474934',	'f'),
(57,	'FALDI JUNIAR',	'2025-03-18 17:25:28.474934',	'f'),
(58,	'IBNU HAIZUL FADLI',	'2025-03-18 17:25:28.474934',	'f'),
(59,	'LUNA FATYA SABRINA',	'2025-03-18 17:25:28.474934',	'f'),
(60,	'MADIH ASSOFARI',	'2025-03-18 17:25:28.474934',	'f'),
(61,	'MUHAMAD SAUQIL HUDA',	'2025-03-18 17:25:28.474934',	'f'),
(62,	'MUHAMMAD DARSIMAN',	'2025-03-18 17:25:28.474934',	'f'),
(63,	'MUHAMMAD RENDRA H',	'2025-03-18 17:25:28.474934',	'f'),
(64,	'NUR DIANA',	'2025-03-18 17:25:28.474934',	'f'),
(65,	'QIYAN ARDIANSYAH',	'2025-03-18 17:25:28.474934',	'f'),
(66,	'WARID NUR HAMZAH',	'2025-03-18 17:25:28.474934',	'f'),
(67,	'WITA FITRIYANI',	'2025-03-18 17:25:28.474934',	'f');

ALTER TABLE ONLY "public"."pembayaran" ADD CONSTRAINT "pembayaran_idinfaq_fkey" FOREIGN KEY (idinfaq) REFERENCES infaq(id) ON UPDATE CASCADE NOT DEFERRABLE;
ALTER TABLE ONLY "public"."pembayaran" ADD CONSTRAINT "pembayaran_idsiswa_fkey" FOREIGN KEY (idsiswa) REFERENCES siswa(nis) ON UPDATE CASCADE ON DELETE CASCADE NOT DEFERRABLE;

-- 2025-03-19 09:08:26.770944+07
